trajectory_id,split
traj_0000,train
traj_0001,train
traj_0002,train
traj_0003,test
traj_0004,train
traj_0005,val
traj_0006,train
traj_0007,train
traj_0008,train
traj_0009,train
traj_0010,test
traj_0011,test
traj_0012,train
traj_0013,train
traj_0014,train
traj_0015,train
traj_0016,train
traj_0017,test
traj_0018,train
traj_0019,train
traj_0020,train
traj_0021,test
traj_0022,train
traj_0023,train
traj_0024,test
traj_0025,train
traj_0026,test
traj_0027,train
traj_0028,train
traj_0029,train
traj_0030,test
traj_0031,train
traj_0032,train
traj_0033,train
traj_0034,val
traj_0035,test
traj_0036,train
traj_0037,train
traj_0038,train
traj_0039,train
traj_0040,train
traj_0041,train
traj_0042,val
traj_0043,train
traj_0044,train
traj_0045,test
traj_0046,train
traj_0047,train
traj_0048,test
traj_0049,train
traj_0050,test
traj_0051,train
traj_0052,val
traj_0053,train
traj_0054,train
traj_0055,val
traj_0056,train
traj_0057,train
traj_0058,train
traj_0059,train
traj_0060,train
traj_0061,train
traj_0062,train
traj_0063,train
traj_0064,val
traj_0065,train
traj_0066,train
traj_0067,train
traj_0068,train
traj_0069,train
traj_0070,test
traj_0071,train
traj_0072,train
traj_0073,train
traj_0074,test
traj_0075,train
traj_0076,test
traj_0077,test
traj_0078,train
traj_0079,train
traj_0080,train
traj_0081,val
traj_0082,train
traj_0083,val
traj_0084,train
traj_0085,val
traj_0086,train
traj_0087,test
traj_0088,train
traj_0089,train
traj_0090,test
traj_0091,val
traj_0092,train
traj_0093,val
traj_0094,val
traj_0095,train
traj_0096,train
traj_0097,train
traj_0098,train
traj_0099,train
traj_0100,train
traj_0101,train
traj_0102,train
traj_0103,train
traj_0104,train
traj_0105,train
traj_0106,test
traj_0107,train
traj_0108,train
traj_0109,train
traj_0110,train
traj_0111,train
traj_0112,train
traj_0113,train
traj_0114,train
traj_0115,train
traj_0116,train
traj_0117,train
traj_0118,train
traj_0119,test
traj_0120,train
traj_0121,train
traj_0122,val
traj_0123,train
traj_0124,train
traj_0125,train
traj_0126,train
traj_0127,train
traj_0128,train
traj_0129,train
traj_0130,test
traj_0131,val
traj_0132,train
traj_0133,train
traj_0134,train
traj_0135,train
traj_0136,test
traj_0137,val
traj_0138,train
traj_0139,train
traj_0140,val
traj_0141,test
traj_0142,train
traj_0143,val
traj_0144,train
traj_0145,train
traj_0146,train
traj_0147,test
traj_0148,train
traj_0149,train
traj_0150,train
traj_0151,train
traj_0152,train
traj_0153,val
traj_0154,train
traj_0155,train
traj_0156,train
traj_0157,train
traj_0158,val
traj_0159,train
traj_0160,train
traj_0161,val
traj_0162,train
traj_0163,train
traj_0164,test
traj_0165,train
traj_0166,test
traj_0167,train
traj_0168,train
traj_0169,val
traj_0170,train
traj_0171,test
traj_0172,train
traj_0173,val
traj_0174,train
traj_0175,train
traj_0176,train
traj_0177,train
traj_0178,train
traj_0179,train
traj_0180,val
traj_0181,train
traj_0182,train
traj_0183,train
traj_0184,train
traj_0185,train
traj_0186,val
traj_0187,train
traj_0188,test
traj_0189,train
traj_0190,val
traj_0191,train
traj_0192,train
traj_0193,train
traj_0194,train
traj_0195,val
traj_0196,train
traj_0197,test
traj_0198,test
traj_0199,test
traj_0200,train
traj_0201,train
traj_0202,val
traj_0203,train
traj_0204,val
traj_0205,train
traj_0206,train
traj_0207,train
traj_0208,val
traj_0209,train
traj_0210,train
traj_0211,train
traj_0212,test
traj_0213,train
traj_0214,train
traj_0215,train
traj_0216,val
traj_0217,train
traj_0218,train
traj_0219,val
traj_0220,train
traj_0221,test
traj_0222,val
traj_0223,test
traj_0224,train
traj_0225,val
traj_0226,train
traj_0227,train
traj_0228,val
traj_0229,train
traj_0230,test
traj_0231,val
traj_0232,train
traj_0233,val
traj_0234,train
traj_0235,train
traj_0236,train
traj_0237,test
traj_0238,train
traj_0239,train
traj_0240,train
traj_0241,val
traj_0242,train
traj_0243,train
traj_0244,test
traj_0245,train
traj_0246,train
traj_0247,train
traj_0248,train
traj_0249,train
traj_0250,train
traj_0251,val
traj_0252,train
traj_0253,train
traj_0254,val
traj_0255,train
traj_0256,train
traj_0257,test
traj_0258,train
traj_0259,train
traj_0260,train
traj_0261,val
traj_0262,train
traj_0263,train
traj_0264,train
traj_0265,train
traj_0266,train
traj_0267,train
traj_0268,train
traj_0269,train
traj_0270,train
traj_0271,train
traj_0272,train
traj_0273,test
traj_0274,train
traj_0275,train
traj_0276,val
traj_0277,train
traj_0278,train
traj_0279,train
traj_0280,train
traj_0281,val
traj_0282,val
traj_0283,train
traj_0284,train
traj_0285,val
traj_0286,train
traj_0287,test
traj_0288,train
traj_0289,train
traj_0290,test
traj_0291,test
traj_0292,val
traj_0293,val
traj_0294,train
traj_0295,train
traj_0296,test
traj_0297,train
traj_0298,train
traj_0299,train
traj_0300,val
traj_0301,train
traj_0302,test
traj_0303,val
traj_0304,train
traj_0305,train
traj_0306,train
traj_0307,train
traj_0308,val
traj_0309,train
traj_0310,train
traj_0311,train
traj_0312,train
traj_0313,train
traj_0314,train
traj_0315,train
traj_0316,train
traj_0317,train
traj_0318,test
traj_0319,test
traj_0320,train
traj_0321,train
traj_0322,train
traj_0323,train
traj_0324,test
traj_0325,train
traj_0326,train
traj_0327,train
traj_0328,train
traj_0329,train
traj_0330,train
traj_0331,train
traj_0332,train
traj_0333,train
traj_0334,train
traj_0335,train
traj_0336,train
traj_0337,val
traj_0338,test
traj_0339,train
traj_0340,val
traj_0341,train
traj_0342,train
traj_0343,train
traj_0344,train
traj_0345,train
traj_0346,train
traj_0347,test
traj_0348,test
traj_0349,train
traj_0350,train
traj_0351,train
traj_0352,train
traj_0353,train
traj_0354,train
traj_0355,train
traj_0356,val
traj_0357,train
traj_0358,val
traj_0359,val
traj_0360,train
traj_0361,train
traj_0362,train
traj_0363,test
traj_0364,val
traj_0365,val
traj_0366,test
traj_0367,train
traj_0368,train
traj_0369,test
traj_0370,train
traj_0371,train
traj_0372,test
traj_0373,train
traj_0374,train
traj_0375,val
traj_0376,train
traj_0377,test
traj_0378,val
traj_0379,train
traj_0380,val
traj_0381,train
traj_0382,train
traj_0383,train
traj_0384,train
traj_0385,train
traj_0386,train
traj_0387,val
traj_0388,train
traj_0389,train
traj_0390,train
traj_0391,val
traj_0392,train
traj_0393,train
traj_0394,train
traj_0395,test
traj_0396,test
traj_0397,test
traj_0398,train
traj_0399,train
traj_0400,train
traj_0401,train
traj_0402,train
traj_0403,train
traj_0404,train
traj_0405,train
traj_0406,train
traj_0407,test
traj_0408,train
traj_0409,train
traj_0410,test
traj_0411,val
traj_0412,train
traj_0413,train
traj_0414,train
traj_0415,train
traj_0416,train
traj_0417,train
traj_0418,train
traj_0419,val
traj_0420,train
traj_0421,test
traj_0422,val
traj_0423,train
traj_0424,train
traj_0425,train
traj_0426,train
traj_0427,val
traj_0428,train
traj_0429,train
traj_0430,train
traj_0431,train
traj_0432,train
traj_0433,train
traj_0434,test
traj_0435,train
traj_0436,train
traj_0437,train
traj_0438,train
traj_0439,train
traj_0440,train
traj_0441,train
traj_0442,train
traj_0443,test
traj_0444,train
traj_0445,train
traj_0446,train
traj_0447,train
traj_0448,val
traj_0449,val
traj_0450,train
traj_0451,val
traj_0452,train
traj_0453,train
traj_0454,test
traj_0455,train
traj_0456,train
traj_0457,train
traj_0458,train
traj_0459,train
traj_0460,train
traj_0461,test
traj_0462,train
traj_0463,train
traj_0464,train
traj_0465,train
traj_0466,train
traj_0467,train
traj_0468,train
traj_0469,train
traj_0470,train
traj_0471,train
traj_0472,train
traj_0473,train
traj_0474,train
traj_0475,test
traj_0476,train
traj_0477,train
traj_0478,train
traj_0479,train
traj_0480,train
traj_0481,train
traj_0482,train
traj_0483,train
traj_0484,train
traj_0485,train
traj_0486,train
traj_0487,train
traj_0488,train
traj_0489,train
traj_0490,train
traj_0491,train
traj_0492,val
traj_0493,train
traj_0494,train
traj_0495,val
traj_0496,test
traj_0497,train
traj_0498,train
traj_0499,train
traj_0500,val
traj_0501,train
traj_0502,val
traj_0503,train
traj_0504,train
traj_0505,train
traj_0506,val
traj_0507,test
traj_0508,val
traj_0509,val
traj_0510,train
traj_0511,train
traj_0512,train
traj_0513,train
traj_0514,train
traj_0515,train
traj_0516,val
traj_0517,train
traj_0518,val
traj_0519,train
traj_0520,test
traj_0521,train
traj_0522,test
traj_0523,train
traj_0524,val
traj_0525,test
traj_0526,train
traj_0527,train
traj_0528,train
traj_0529,train
traj_0530,test
traj_0531,train
traj_0532,test
traj_0533,test
traj_0534,test
traj_0535,train
traj_0536,train
traj_0537,train
traj_0538,test
traj_0539,train
traj_0540,test
traj_0541,train
traj_0542,train
traj_0543,train
traj_0544,train
traj_0545,train
traj_0546,train
traj_0547,test
traj_0548,val
traj_0549,test
traj_0550,train
traj_0551,train
traj_0552,train
traj_0553,train
traj_0554,train
traj_0555,train
traj_0556,test
traj_0557,test
traj_0558,train
traj_0559,val
traj_0560,train
traj_0561,train
traj_0562,train
traj_0563,test
traj_0564,val
traj_0565,train
traj_0566,train
traj_0567,train
traj_0568,train
traj_0569,train
traj_0570,val
traj_0571,train
traj_0572,train
traj_0573,train
traj_0574,train
traj_0575,train
traj_0576,val
traj_0577,val
traj_0578,train
traj_0579,train
traj_0580,train
traj_0581,test
traj_0582,test
traj_0583,val
traj_0584,train
traj_0585,test
traj_0586,train
traj_0587,train
traj_0588,train
traj_0589,train
traj_0590,train
traj_0591,test
traj_0592,val
traj_0593,val
traj_0594,val
traj_0595,test
traj_0596,train
traj_0597,train
traj_0598,train
traj_0599,val
traj_0600,train
traj_0601,train
traj_0602,train
traj_0603,train
traj_0604,train
traj_0605,test
traj_0606,test
traj_0607,val
traj_0608,test
traj_0609,val
traj_0610,train
traj_0611,test
traj_0612,train
traj_0613,test
traj_0614,val
traj_0615,train
traj_0616,train
traj_0617,val
traj_0618,test
traj_0619,train
traj_0620,train
traj_0621,train
traj_0622,train
traj_0623,train
traj_0624,test
traj_0625,test
traj_0626,train
traj_0627,train
traj_0628,train
traj_0629,train
traj_0630,train
traj_0631,train
traj_0632,train
traj_0633,train
traj_0634,train
traj_0635,val
traj_0636,test
traj_0637,train
traj_0638,val
traj_0639,train
traj_0640,train
traj_0641,train
traj_0642,train
traj_0643,train
traj_0644,train
traj_0645,train
traj_0646,train
traj_0647,train
traj_0648,train
traj_0649,val
traj_0650,val
traj_0651,train
traj_0652,val
traj_0653,train
traj_0654,train
traj_0655,train
traj_0656,train
traj_0657,train
traj_0658,train
traj_0659,train
traj_0660,train
traj_0661,train
traj_0662,train
traj_0663,train
traj_0664,train
traj_0665,train
traj_0666,train
traj_0667,train
traj_0668,train
traj_0669,train
traj_0670,train
traj_0671,train
traj_0672,train
traj_0673,train
traj_0674,train
traj_0675,train
traj_0676,train
traj_0677,test
traj_0678,test
traj_0679,val
traj_0680,test
traj_0681,train
traj_0682,train
traj_0683,train
traj_0684,test
traj_0685,train
traj_0686,train
traj_0687,train
traj_0688,train
traj_0689,test
traj_0690,val
traj_0691,train
traj_0692,train
traj_0693,train
traj_0694,train
traj_0695,test
traj_0696,test
traj_0697,train
traj_0698,train
traj_0699,train
traj_0700,train
traj_0701,val
traj_0702,train
traj_0703,train
traj_0704,train
traj_0705,test
traj_0706,train
traj_0707,train
traj_0708,val
traj_0709,val
traj_0710,train
traj_0711,train
traj_0712,train
traj_0713,val
traj_0714,train
traj_0715,train
traj_0716,train
traj_0717,val
traj_0718,test
traj_0719,test
traj_0720,train
traj_0721,train
traj_0722,val
traj_0723,train
traj_0724,train
traj_0725,train
traj_0726,train
traj_0727,val
traj_0728,train
traj_0729,test
traj_0730,train
traj_0731,train
traj_0732,test
traj_0733,train
traj_0734,train
traj_0735,train
traj_0736,train
traj_0737,train
traj_0738,train
traj_0739,val
traj_0740,val
traj_0741,test
traj_0742,val
traj_0743,test
traj_0744,train
traj_0745,train
traj_0746,val
traj_0747,train
traj_0748,train
traj_0749,val
traj_0750,train
traj_0751,train
traj_0752,train
traj_0753,train
traj_0754,val
traj_0755,val
traj_0756,train
traj_0757,train
traj_0758,val
traj_0759,train
traj_0760,train
traj_0761,train
traj_0762,train
traj_0763,val
traj_0764,train
traj_0765,test
traj_0766,train
traj_0767,train
traj_0768,train
traj_0769,train
traj_0770,train
traj_0771,train
traj_0772,val
traj_0773,train
traj_0774,train
traj_0775,val
traj_0776,train
traj_0777,train
traj_0778,test
traj_0779,train
traj_0780,train
traj_0781,train
traj_0782,test
traj_0783,train
traj_0784,train
traj_0785,train
traj_0786,test
traj_0787,train
traj_0788,train
traj_0789,val
traj_0790,train
traj_0791,train
traj_0792,train
traj_0793,train
traj_0794,train
traj_0795,train
traj_0796,test
traj_0797,val
traj_0798,train
traj_0799,test
traj_0800,train
traj_0801,train
traj_0802,train
traj_0803,train
traj_0804,train
traj_0805,train
traj_0806,train
traj_0807,test
traj_0808,train
traj_0809,train
traj_0810,test
traj_0811,test
traj_0812,train
traj_0813,train
traj_0814,train
traj_0815,train
traj_0816,train
traj_0817,train
traj_0818,val
traj_0819,train
traj_0820,train
traj_0821,val
traj_0822,train
traj_0823,train
traj_0824,test
traj_0825,train
traj_0826,train
traj_0827,train
traj_0828,train
traj_0829,train
traj_0830,val
traj_0831,train
traj_0832,train
traj_0833,train
traj_0834,val
traj_0835,train
traj_0836,train
traj_0837,train
traj_0838,train
traj_0839,test
traj_0840,train
traj_0841,test
traj_0842,val
traj_0843,train
traj_0844,test
traj_0845,train
traj_0846,train
traj_0847,train
traj_0848,test
traj_0849,train
traj_0850,train
traj_0851,val
traj_0852,train
traj_0853,train
traj_0854,train
traj_0855,train
traj_0856,train
traj_0857,train
traj_0858,val
traj_0859,train
traj_0860,test
traj_0861,test
traj_0862,val
traj_0863,train
traj_0864,train
traj_0865,test
traj_0866,val
traj_0867,val
traj_0868,train
traj_0869,train
traj_0870,train
traj_0871,train
traj_0872,train
traj_0873,train
traj_0874,train
traj_0875,train
traj_0876,train
traj_0877,train
traj_0878,train
traj_0879,test
traj_0880,train
traj_0881,val
traj_0882,train
traj_0883,test
traj_0884,train
traj_0885,train
traj_0886,train
traj_0887,val
traj_0888,test
traj_0889,test
traj_0890,test
traj_0891,test
traj_0892,test
traj_0893,train
traj_0894,train
traj_0895,train
traj_0896,train
traj_0897,train
traj_0898,train
traj_0899,train
traj_0900,val
traj_0901,train
traj_0902,train
traj_0903,test
traj_0904,train
traj_0905,train
traj_0906,train
traj_0907,train
traj_0908,val
traj_0909,val
traj_0910,train
traj_0911,val
traj_0912,test
traj_0913,test
traj_0914,train
traj_0915,train
traj_0916,train
traj_0917,train
traj_0918,train
traj_0919,train
traj_0920,train
traj_0921,train
traj_0922,test
traj_0923,val
traj_0924,val
traj_0925,test
traj_0926,train
traj_0927,train
traj_0928,train
traj_0929,val
traj_0930,train
traj_0931,val
traj_0932,train
traj_0933,train
traj_0934,train
traj_0935,val
traj_0936,train
traj_0937,train
traj_0938,train
traj_0939,train
traj_0940,train
traj_0941,val
traj_0942,train
traj_0943,train
traj_0944,train
traj_0945,train
traj_0946,test
traj_0947,val
traj_0948,train
traj_0949,train
traj_0950,val
traj_0951,train
traj_0952,train
traj_0953,train
traj_0954,train
traj_0955,test
traj_0956,train
traj_0957,train
traj_0958,test
traj_0959,train
traj_0960,test
traj_0961,train
traj_0962,train
traj_0963,test
traj_0964,train
traj_0965,train
traj_0966,test
traj_0967,val
traj_0968,test
traj_0969,train
traj_0970,train
traj_0971,test
traj_0972,test
traj_0973,train
traj_0974,train
traj_0975,train
traj_0976,train
traj_0977,train
traj_0978,train
traj_0979,val
traj_0980,train
traj_0981,train
traj_0982,test
traj_0983,train
traj_0984,train
traj_0985,train
traj_0986,train
traj_0987,train
traj_0988,val
traj_0989,train
traj_0990,val
traj_0991,val
traj_0992,train
traj_0993,train
traj_0994,train
traj_0995,train
traj_0996,test
traj_0997,val
traj_0998,train
traj_0999,train
