trajectory_id,generation_mode,random_seed,initial_airspeed,initial_altitude,initial_alpha,trim_throttle,trim_elevator,maximum_alpha,minimum_alpha,minimum_airspeed,maximum_airspeed,maximum_abs_gamma,whether_stall_occurred,time_of_first_stall,whether_validity_envelope_was_exceeded,termination_reason,n_steps,duration_actual_s,n_sanity_issues,sanity_issues,candidate
traj_0000,near_boundary,20260818,42.10799763847712,1270.1833997142385,0.08310215080435748,0.32529835613786845,0.025969422126361715,0.08310215080441705,-0.17050219245385445,42.10799763847712,49.86946923494722,0.7889089026325975,False,,True,validity_envelope_gamma_exceeded,675,6.74,0,,v03_a_gentle_long_rise
traj_0001,near_boundary,20260818,46.33461303113038,1897.6705373297223,0.06263620802426326,0.34161329721018485,0.01957381500758227,0.3434477862056008,0.06263620802426326,33.91325769516092,46.334613031134765,0.7855265316284635,True,7.18,True,validity_envelope_gamma_exceeded,786,7.8500000000000005,0,,v03_a_gentle_long_rise
traj_0002,near_boundary,20260818,33.37902180683451,1992.9716333121999,0.1501743693466848,0.33500609620163946,0.04692949042083899,0.1501743693466848,-0.12402029815563775,33.379021806831624,44.62395350247418,0.7888219655369603,False,,True,validity_envelope_gamma_exceeded,727,7.26,0,,v03_a_gentle_long_rise
traj_0003,near_boundary,20260818,51.55499035060023,1196.064318685449,0.043775247226895825,0.37466498032115936,0.013679764758404945,0.04377524722696468,-0.14636738904592916,51.55499035060023,59.94805753628004,0.7854284062079874,False,,True,validity_envelope_gamma_exceeded,948,9.47,0,,v03_a_gentle_long_rise
traj_0004,near_boundary,20260818,41.082435116181784,585.7520182781246,0.08899383641086658,0.32303944586653316,0.02781057387839581,0.09056426135367228,0.08735330056437174,40.59760987507979,41.585176443402126,0.012484960080292705,False,,False,completed_normally,2001,20.0,0,,v03_a_gentle_long_rise
traj_0005,near_boundary,20260818,37.612525507035166,1274.3376843610467,0.11235824920050136,0.32135466381488714,0.03511195287515668,0.11235824920063069,-0.17081382032682957,37.612525507035166,46.641967460408544,0.7869175168238178,False,,True,validity_envelope_gamma_exceeded,807,8.06,0,,v03_a_gentle_long_rise
traj_0006,near_boundary,20260818,31.422347712600217,1197.5752380852143,0.17231649926714857,0.34906408256091453,0.053848906020983925,0.8723568096221126,0.0938893512845789,26.817918425035835,51.55419383200477,0.5948273661191473,True,3.43,False,completed_normally,2001,20.0,0,,v03_a_gentle_long_rise
traj_0007,near_boundary,20260818,44.38665379590971,1341.458855771645,0.07137419191675987,0.3327841312074001,0.022304434973987458,0.07173463455376189,-0.1877837186057778,44.19446902750134,50.93806020437568,0.7869595089362053,False,,True,validity_envelope_gamma_exceeded,741,7.4,0,,v03_a_gentle_long_rise
traj_0008,near_boundary,20260818,46.07137025596563,1914.882110730512,0.06375495159980796,0.34029869798564333,0.019923422374939985,0.06375495159982533,-0.18597171560973014,46.07137025596563,53.096762981774624,0.7886015404058984,False,,True,validity_envelope_gamma_exceeded,766,7.65,0,,v03_a_gentle_long_rise
traj_0009,near_boundary,20260818,53.537217610374135,577.1751606043305,0.03798452543907929,0.39034419690609906,0.011870164199712279,0.2939415201648805,0.037984525438929925,43.32429551608794,53.537217610374135,0.7856983253400229,True,9.09,True,validity_envelope_gamma_exceeded,921,9.200000000000001,0,,v03_a_gentle_long_rise
traj_0010,near_boundary,20260818,37.47685723907407,1159.9389285270952,0.11339461681990215,0.3214980071793057,0.03543581775621942,0.7297992470784814,0.08461565529777135,29.054368047264255,46.35909066452129,0.33087032746562073,True,4.7700000000000005,False,completed_normally,2001,20.0,0,,v03_a_gentle_long_rise
traj_0011,near_boundary,20260818,34.55322081169312,1409.82720368956,0.1384470677908237,0.32914857306152223,0.043264708684632405,0.7297839287751402,0.09816227314658377,27.57154371154703,45.38263594748395,0.3913702194094362,True,4.09,False,completed_normally,2001,20.0,0,,v03_a_gentle_long_rise
traj_0012,near_boundary,20260818,57.083255065088515,1503.6939535910417,0.02906429443554064,0.42215485359906924,0.00908259201110645,0.029179003202021964,-0.17289859992391365,56.89496962246879,63.745410043841645,0.7858916559126811,False,,True,validity_envelope_gamma_exceeded,592,5.91,0,,v03_a_gentle_long_rise
traj_0013,near_boundary,20260818,41.97999076258957,1800.9554524200735,0.08381530798666581,0.3249768316033018,0.026192283745833066,0.08381530798666581,-0.1353376609622634,41.97999076257385,51.467484359408346,0.7865252707932276,False,,True,validity_envelope_gamma_exceeded,835,8.34,0,,v03_a_gentle_long_rise
traj_0014,near_boundary,20260818,71.64841280233287,1699.3493637553017,0.005115503503469887,0.5955853551009783,0.0015985948448343397,0.005115503503591293,-0.16003423817825846,71.64841280233287,77.96086179118045,0.7904033150125427,False,,True,validity_envelope_gamma_exceeded,642,6.41,0,,v03_a_gentle_long_rise
traj_0015,near_boundary,20260818,65.75884834668554,1533.164214840512,0.012926611681247539,0.5178547134849539,0.004039566150389856,0.19391479281183266,0.012926611681247539,55.593480833926456,65.75884834668717,0.7867716363840573,False,,True,validity_envelope_gamma_exceeded,550,5.49,0,,v03_a_gentle_long_rise
traj_0016,near_boundary,20260818,55.63108077332023,1796.3695916720312,0.03251514845644257,0.4085692402955434,0.010160983892638304,0.03251514845652946,-0.19310879014157367,55.63108077332023,61.21125641092025,0.7875155412270497,False,,True,validity_envelope_gamma_exceeded,859,8.58,0,,v03_a_gentle_long_rise
traj_0017,near_boundary,20260818,43.50314689948166,1983.4576685467923,0.07571330221500291,0.3294977749503775,0.02366040694218841,0.7094502883197105,0.04897598797609087,22.896575149215295,54.757629034723365,0.5949696785800558,True,6.49,False,completed_normally,2001,20.0,0,,v03_a_gentle_long_rise
traj_0018,near_boundary,20260818,31.06733210586489,728.2301667018196,0.17673657066863027,0.35226335724414404,0.05523017833394696,0.9194749104369313,0.08944650142500887,27.320829037292985,53.18856348394196,0.6162029436790613,True,4.04,False,completed_normally,2001,20.0,0,,v03_a_gentle_long_rise
traj_0019,near_boundary,20260818,51.912883001262,920.8421929529582,0.04268152503434387,0.3773777106320411,0.01333797657323246,0.04268152503434387,-0.14736319572342604,51.912883001262,60.03112949962043,0.7868560160253628,False,,True,validity_envelope_gamma_exceeded,548,5.47,0,,v03_a_gentle_long_rise
traj_0020,near_boundary,20260818,40.344828297403716,1487.4218455830783,0.09349487057063763,0.32187949265800464,0.029217147053324257,0.8530087217711821,0.06703442020792963,29.36172069606708,50.20305365539031,0.4139348958643374,True,3.84,False,completed_normally,2001,20.0,0,,v03_a_gentle_long_rise
traj_0021,near_boundary,20260818,41.312898562732144,641.993800612395,0.08763374408508318,0.3234830135818805,0.027385545026588493,0.7144611520456483,0.06254170025660666,23.129267876281187,50.23406731089348,0.5545205948972837,True,8.17,False,completed_normally,2001,20.0,0,,v03_a_gentle_long_rise
traj_0022,near_boundary,20260818,48.23996413757711,1730.643441396309,0.055060191980970494,0.35218768828420516,0.017206309994053277,0.33609060224357257,0.05506019198086085,36.97488194377757,48.23996413757711,0.7876286335493612,True,8.24,True,validity_envelope_gamma_exceeded,884,8.83,0,,v03_a_gentle_long_rise
traj_0023,near_boundary,20260818,43.306691254082416,1216.2459286485519,0.07671277477413205,0.3288315069770677,0.023972742116916267,0.7131515349508537,0.041683777920961784,23.059735060074917,60.614468918689425,0.5944813571745858,True,3.94,False,completed_normally,2001,20.0,0,,v03_a_gentle_long_rise
traj_0024,near_boundary,20260818,49.770003534216784,1311.9476859931863,0.049578490370598846,0.3619502958086461,0.01549327824081214,0.3382017385938231,0.04957849037046619,38.71285040230876,49.770003534216784,0.7886050157214038,True,9.13,True,validity_envelope_gamma_exceeded,956,9.55,0,,v03_a_gentle_long_rise
traj_0025,near_boundary,20260818,58.08548222379357,1798.3550896255733,0.02682975352446269,0.4319634362092965,0.00838429797639459,0.2230869313306698,0.02682975352446269,47.68409292390573,58.085482223814225,0.7888423295356131,False,,True,validity_envelope_gamma_exceeded,907,9.06,0,,v03_a_gentle_long_rise
traj_0026,near_boundary,20260818,39.04246318332347,953.4220724499085,0.10203026708915988,0.32085082321252956,0.03188445846536246,0.7567044771844005,0.06818275111334673,25.685506204574658,51.15714066594417,0.4523820101358248,True,7.83,False,completed_normally,2001,20.0,0,,v03_a_gentle_long_rise
traj_0027,near_boundary,20260818,34.59842814339337,923.7449808916225,0.1380163866620155,0.3289578148942572,0.043130120831879844,0.1380163866620155,-0.16945552454628754,34.598428143390386,42.75915924243651,0.7857097186895233,False,,True,validity_envelope_gamma_exceeded,609,6.08,0,,v03_a_gentle_long_rise
traj_0028,near_boundary,20260818,72.41104615567055,1090.1756600711878,0.004239646845491666,0.6063472709823783,0.0013248896392161456,0.16626019301110084,0.004239646845491666,62.53363459301742,72.41104615567703,0.7873698796626668,False,,True,validity_envelope_gamma_exceeded,777,7.76,0,,v03_a_gentle_long_rise
traj_0029,near_boundary,20260818,42.90704028478576,809.8270081240082,0.07878653028026084,0.32755067713993263,0.02462079071258151,0.07878653028037803,-0.17693824132868397,42.90704028478576,50.90525807909843,0.7868742136486806,False,,True,validity_envelope_gamma_exceeded,595,5.94,0,,v03_a_gentle_long_rise
traj_0000,near_boundary,20260819,70.21241822686191,1125.5159193344286,0.006842036875031615,0.5757467516436143,0.0021381365234473793,0.1407837037765548,0.006842036874882543,57.91631847914235,70.21241822686191,0.7859016257486661,False,,True,validity_envelope_gamma_exceeded,658,6.57,0,,v03_b_gentle_longer_rise_lower_mag
traj_0001,near_boundary,20260819,73.79265259433393,1987.6749436800847,0.002720891960754667,0.6262377771452455,0.0008502787377358334,0.002720891960754667,-0.1379822150289426,73.79265259433393,81.22138818406943,0.7876595997067051,False,,True,validity_envelope_gamma_exceeded,597,5.96,0,,v03_b_gentle_longer_rise_lower_mag
traj_0002,near_boundary,20260819,43.807656846168086,869.7060837798562,0.07418940295202442,0.3305773934680765,0.02318418842250763,0.07474445344419853,0.07372905724764972,43.611227232080516,43.978057792117525,0.004143636601896854,False,,False,completed_normally,2001,20.0,0,,v03_b_gentle_longer_rise_lower_mag
traj_0003,near_boundary,20260819,71.33067568725565,1244.3312039243149,0.005488648788783277,0.5911476611215956,0.001715202746494774,0.1472311469326777,0.00548864878874901,59.379643264674755,71.33067568725565,0.7882486256122545,False,,True,validity_envelope_gamma_exceeded,933,9.32,0,,v03_b_gentle_longer_rise_lower_mag
traj_0004,near_boundary,20260819,71.96293930195078,1527.2814205960801,0.004750938954303514,0.6000049358076136,0.0014846684232198482,0.004750938954448918,-0.13507767877995558,71.96293930195078,79.70627807044526,0.7872755402259398,False,,True,validity_envelope_gamma_exceeded,995,9.94,0,,v03_b_gentle_longer_rise_lower_mag
traj_0005,near_boundary,20260819,70.57165096314408,1819.0686043424448,0.006400319624045104,0.5806571360916615,0.0020000998825140948,0.006400319624222282,-0.13142676760880778,70.57165096314408,78.8816745161476,0.787194870794438,False,,True,validity_envelope_gamma_exceeded,669,6.68,0,,v03_b_gentle_longer_rise_lower_mag
traj_0006,near_boundary,20260819,59.77384483948432,1104.6185493305736,0.023312795407093197,0.4492570798863421,0.0072852485647166235,0.023312795407093197,-0.13777292255796803,59.773844839484,68.21161141796053,0.7890061792195865,False,,True,validity_envelope_gamma_exceeded,505,5.04,0,,v03_b_gentle_longer_rise_lower_mag
traj_0007,near_boundary,20260819,67.78703753623353,890.1335558714578,0.010008446083030788,0.5435255879517623,0.003127639400947121,0.010008446083118445,-0.13796022706528843,67.78703753623353,75.60763459673599,0.789291740628446,False,,True,validity_envelope_gamma_exceeded,821,8.2,0,,v03_b_gentle_longer_rise_lower_mag
traj_0008,near_boundary,20260819,46.953931475251885,614.069948497429,0.060075539957819904,0.3448491920849594,0.01877360623681872,0.3402205461788881,0.06007553995774483,34.6533494796101,46.953931475251885,0.7878502901243893,True,8.68,True,validity_envelope_gamma_exceeded,925,9.24,0,,v03_b_gentle_longer_rise_lower_mag
traj_0009,near_boundary,20260819,46.055507613269654,1679.2929512664923,0.0638229575181351,0.3402206589939647,0.01994467422441722,0.0638229575181351,-0.11689517611481681,46.055507613265064,56.39155105133155,0.7868111816111817,False,,True,validity_envelope_gamma_exceeded,690,6.890000000000001,0,,v03_b_gentle_longer_rise_lower_mag
traj_0010,near_boundary,20260819,37.69199354129283,1321.243878558006,0.11175592082037702,0.32127866820125883,0.03492372525636782,0.11175592082046436,-0.10670583492520047,37.69199354129283,50.170178360146785,0.7881035533036016,False,,True,validity_envelope_gamma_exceeded,1088,10.870000000000001,0,,v03_b_gentle_longer_rise_lower_mag
traj_0011,near_boundary,20260819,74.55789200487048,1265.0398623259775,0.0019154544399174306,0.6374709120986319,0.0005985795124741971,0.002101260255304342,0.001860171145208807,74.29291860340795,74.63979832196696,0.0024547863887170317,False,,False,completed_normally,2001,20.0,0,,v03_b_gentle_longer_rise_lower_mag
traj_0012,near_boundary,20260819,57.65257872245815,1878.1549929070493,0.027780877882082906,0.4276841691419679,0.008681524338150908,0.2117120136356443,0.027780877882082906,46.186277655370006,57.65257872245841,0.7855376731199621,False,,True,validity_envelope_gamma_exceeded,509,5.08,0,,v03_b_gentle_longer_rise_lower_mag
traj_0013,near_boundary,20260819,54.55025831288967,618.2764333015507,0.03526116895540217,0.39895540828576487,0.011019115298563179,0.03526116895540217,-0.14667635301084092,54.55025831287724,63.16660632698266,0.7873550007357736,False,,True,validity_envelope_gamma_exceeded,779,7.78,0,,v03_b_gentle_longer_rise_lower_mag
traj_0014,near_boundary,20260819,61.36098297641536,1450.3207526392364,0.020264320836925295,0.4663652855477898,0.006332600261539155,0.18217804656650483,0.020264320836875325,49.122642686311714,61.36098297641536,0.7886560647208668,False,,True,validity_envelope_gamma_exceeded,753,7.5200000000000005,0,,v03_b_gentle_longer_rise_lower_mag
traj_0015,near_boundary,20260819,41.523816668917675,1809.3818528494014,0.08640765453069449,0.3239219256286425,0.027002392040842028,0.08640765453069449,-0.13710111375588663,41.52381666891218,51.4364360015095,0.7872899940767489,False,,True,validity_envelope_gamma_exceeded,736,7.3500000000000005,0,,v03_b_gentle_longer_rise_lower_mag
traj_0016,near_boundary,20260819,38.34326768683476,974.5046259140258,0.10694788146797016,0.3208725843346894,0.033421212958740676,0.10694788146806505,-0.11392158515218176,38.34326768683476,50.16253249997947,0.7861549960081103,False,,True,validity_envelope_gamma_exceeded,753,7.5200000000000005,0,,v03_b_gentle_longer_rise_lower_mag
traj_0017,near_boundary,20260819,64.6614963239798,1809.9758293652276,0.014619845325036244,0.5044626048499568,0.004568701664073826,0.014619845325057789,-0.12605958917705473,64.6614963239798,73.18137869765778,0.7858509677380339,False,,True,validity_envelope_gamma_exceeded,864,8.63,0,,v03_b_gentle_longer_rise_lower_mag
traj_0018,near_boundary,20260819,55.52395730239419,1973.6349569576003,0.03278030030433013,0.4075971330872905,0.010243843845103167,0.03301691154852365,0.03263531476250404,55.36860990555582,55.62261399271134,0.002298119151795594,False,,False,completed_normally,2001,20.0,0,,v03_b_gentle_longer_rise_lower_mag
traj_0019,near_boundary,20260819,54.04944106083035,684.5234773156642,0.036588743108820834,0.3946491253911044,0.011433982221506512,0.2229466518756641,0.036588743108820834,42.08546245539168,54.04944106084197,0.7873343221242836,False,,True,validity_envelope_gamma_exceeded,955,9.540000000000001,0,,v03_b_gentle_longer_rise_lower_mag
traj_0020,near_boundary,20260819,45.39051283322738,1642.259631749948,0.06673601805127971,0.33707145774907393,0.02085500564102491,0.7388353925830746,0.05076838180222243,19.141180636703613,49.7674925817895,0.7390861057592591,True,8.97,False,completed_normally,2001,20.0,0,,v03_b_gentle_longer_rise_lower_mag
traj_0021,near_boundary,20260819,50.49498313794918,1761.9722644594606,0.04714897877122695,0.36694761328340264,0.014734055866008422,0.27465919579894227,0.04714897877121639,38.43967026053084,50.49498313794918,0.7875311616744439,False,,True,validity_envelope_gamma_exceeded,886,8.85,0,,v03_b_gentle_longer_rise_lower_mag
traj_0022,near_boundary,20260819,39.58014079650661,926.6554439034163,0.09841145746927712,0.32111200777410087,0.030753580459149103,0.09841145746927712,-0.1143942933085974,39.58014079648693,50.35999454709882,0.7866781025137152,False,,True,validity_envelope_gamma_exceeded,1000,9.99,0,,v03_b_gentle_longer_rise_lower_mag
traj_0023,near_boundary,20260819,50.83782548101485,1071.9642344566025,0.046035225339313576,0.3693910589500366,0.014386007918535492,0.046035225339313576,-0.11739343269258218,50.83782548101076,61.71391811511784,0.7868195735255645,False,,True,validity_envelope_gamma_exceeded,834,8.33,0,,v03_b_gentle_longer_rise_lower_mag
traj_0024,near_boundary,20260819,60.42588094667964,581.262326422183,0.022031715496064575,0.45618748618827104,0.0068849110925201795,0.022190152327015576,-0.13905963740486726,60.27580936981383,68.49455538220586,0.7859630874343986,False,,True,validity_envelope_gamma_exceeded,1016,10.15,0,,v03_b_gentle_longer_rise_lower_mag
traj_0025,near_boundary,20260819,50.03574145681186,1182.2650227484573,0.04867600298254663,0.3637550065460724,0.015211250932045822,0.04867600298254663,-0.139241640255802,50.035741456793936,59.5489027735097,0.789394776108087,False,,True,validity_envelope_gamma_exceeded,950,9.49,0,,v03_b_gentle_longer_rise_lower_mag
traj_0026,near_boundary,20260819,57.31495682097073,1628.1004147120984,0.028537430110023323,0.4243915669474894,0.00891794690938229,0.028537430110144774,-0.13610424366298413,57.31495682097073,66.15705019431991,0.7865746494825318,False,,True,validity_envelope_gamma_exceeded,777,7.76,0,,v03_b_gentle_longer_rise_lower_mag
traj_0027,near_boundary,20260819,60.726670826342705,751.7254593039316,0.021454412273660146,0.45943085652816185,0.006704503835518795,0.02189788264478074,0.021289879486620127,60.35979508802283,60.87046184945463,0.004894672121305175,False,,False,completed_normally,2001,20.0,0,,v03_b_gentle_longer_rise_lower_mag
traj_0028,near_boundary,20260819,70.4914661787371,895.1939844252063,0.006498336570080831,0.5795580320410287,0.0020307301781502594,0.1527202216155641,0.006498336570052496,59.17589766499097,70.4914661787371,0.7858837791257152,False,,True,validity_envelope_gamma_exceeded,922,9.21,0,,v03_b_gentle_longer_rise_lower_mag
traj_0029,near_boundary,20260819,53.087973993206845,556.6877395850926,0.03924142860018646,0.386652687616705,0.012262946437558268,0.03951433569940368,0.03904323507089836,52.92866892457346,53.20753150783633,0.0025789078699084166,False,,False,completed_normally,2001,20.0,0,,v03_b_gentle_longer_rise_lower_mag
traj_0000,near_boundary,20260820,38.918594760612805,1410.210973930011,0.102883682691075,0.3208243985596528,0.032151150840960936,0.8392441467166538,0.07943648211922977,30.827609046775017,46.60534009508402,0.3356152341065663,True,4.32,False,completed_normally,2001,20.0,0,,v03_c_moderate_rise_higher_mag
traj_0001,near_boundary,20260820,64.18021926153973,718.1682875426593,0.015389680060170708,0.49870138486963705,0.004809275018803346,0.22151542249457146,0.015389680060039301,54.82118188404328,64.18021926153973,0.7860594230966247,False,,True,validity_envelope_gamma_exceeded,709,7.08,0,,v03_c_moderate_rise_higher_mag
traj_0002,near_boundary,20260820,43.13986843811208,1303.914281018941,0.07757173047428517,0.32828461531911074,0.024241165773214116,0.8673904629024491,0.05890444286084411,34.02053767613389,50.941366832273,0.35678107744469945,True,2.4,False,completed_normally,2001,20.0,0,,v03_c_moderate_rise_higher_mag
traj_0003,near_boundary,20260820,43.819953344201174,523.6848710883849,0.0741285029047773,0.330622175152627,0.023165157157742904,0.07512533149215128,0.07327836748353511,43.46811755632249,44.133533603421164,0.007486000463641225,False,,False,completed_normally,2001,20.0,0,,v03_c_moderate_rise_higher_mag
traj_0004,near_boundary,20260820,41.955831409902885,773.8421616313047,0.08395059901844565,0.3249173909767121,0.026234562193264265,0.08395059901849755,-0.16619325557531872,41.955831409902885,49.18622728686628,0.789028482961201,False,,True,validity_envelope_gamma_exceeded,587,5.86,0,,v03_c_moderate_rise_higher_mag
traj_0005,near_boundary,20260820,74.94168550730322,1545.6048127415804,0.0015206749449071673,0.643162270548177,0.00047521092028348977,0.0015206749449071673,-0.19197216520785032,74.94168550730322,79.09524318108731,0.7885972023185988,False,,True,validity_envelope_gamma_exceeded,340,3.39,0,,v03_c_moderate_rise_higher_mag
traj_0006,near_boundary,20260820,47.54691762309371,942.2980969024584,0.0577139531495725,0.34813114833149317,0.018035610359241408,0.0577139531495725,-0.1859408260482568,47.54691762309134,53.995768516252646,0.7894207084182814,False,,True,validity_envelope_gamma_exceeded,882,8.81,0,,v03_c_moderate_rise_higher_mag
traj_0007,near_boundary,20260820,60.7790148158373,1646.9696128714752,0.0213548115595348,0.4599982384568043,0.006673378612354624,0.0213548115595348,-0.18806507052982324,60.77901481583415,66.3665720791815,0.78733166360242,False,,True,validity_envelope_gamma_exceeded,653,6.5200000000000005,0,,v03_c_moderate_rise_higher_mag
traj_0008,near_boundary,20260820,47.36579076273949,1561.4339847959734,0.05842619121866994,0.3471099416544182,0.018258184755834357,0.058426191218719725,-0.17421689723091638,47.36579076273949,53.952918012832164,0.7882290757022319,False,,True,validity_envelope_gamma_exceeded,687,6.86,0,,v03_c_moderate_rise_higher_mag
traj_0009,near_boundary,20260820,33.16383793198711,519.2071457795181,0.15244207841186155,0.33627701762684564,0.047638149503706734,0.15476820321043122,0.14999903668839298,32.759311952412894,33.62973237267303,0.01524432581123081,False,,False,completed_normally,2001,20.0,0,,v03_c_moderate_rise_higher_mag
traj_0010,near_boundary,20260820,54.21739166776396,1115.3543838570133,0.03613951231164529,0.3960826171649911,0.011293597597389153,0.6194030590262831,0.03613951231160712,42.58672495020677,54.21739166776396,0.7857253007226854,True,7.32,True,validity_envelope_gamma_exceeded,830,8.290000000000001,0,,v03_c_moderate_rise_higher_mag
traj_0011,near_boundary,20260820,61.95543851627691,626.9661247153565,0.019181590964857293,0.47297940311726044,0.005994247176517904,0.019181590964857293,-0.21356461389575465,61.95543851627576,66.48190387119263,0.7870213644604888,False,,True,validity_envelope_gamma_exceeded,583,5.82,0,,v03_c_moderate_rise_higher_mag
traj_0012,near_boundary,20260820,72.40513348945456,1163.8257874021324,0.004246332077660854,0.6062632363347914,0.0013269787742690167,0.24522259704948002,0.004246332077660854,64.42781062037064,72.40513348949669,0.7884021306033032,False,,True,validity_envelope_gamma_exceeded,835,8.34,0,,v03_c_moderate_rise_higher_mag
traj_0013,near_boundary,20260820,64.3510176182412,1066.7858242009665,0.01511452244718357,0.5007380583318131,0.004723288264744865,0.23888355898285107,0.01511452244718357,55.72251515242132,64.3510176182412,0.7896766316547184,False,,True,validity_envelope_gamma_exceeded,427,4.26,0,,v03_c_moderate_rise_higher_mag
traj_0014,near_boundary,20260820,46.40666141882733,845.4053147245043,0.06233321250001407,0.34197948041785703,0.0194791289062544,0.06325622453553369,0.06152215071543095,46.02819701055996,46.75192896331772,0.007728601203720945,False,,False,completed_normally,2001,20.0,0,,v03_c_moderate_rise_higher_mag
traj_0015,near_boundary,20260820,34.41854853424676,665.671049466465,0.13973890595153152,0.32973161278986945,0.043668408109853604,0.13973890595153152,-0.21778184083054297,34.41854853424055,41.39212083360333,0.7892175098413463,False,,True,validity_envelope_gamma_exceeded,697,6.96,0,,v03_c_moderate_rise_higher_mag
traj_0016,near_boundary,20260820,67.16945217354922,623.8173424741144,0.0108694028543657,0.5355841555408741,0.003396688391989281,0.01098976858148091,0.010581323245880889,67.034792501063,67.48379177936016,0.003462208656509189,False,,False,completed_normally,2001,20.0,0,,v03_c_moderate_rise_higher_mag
traj_0017,near_boundary,20260820,68.96936560693364,648.8712054486176,0.008423583669996272,0.5590286716645934,0.002632369896873835,0.21733454176818545,0.008423583669899119,60.27819060727879,68.96936560693364,0.790197832877355,False,,True,validity_envelope_gamma_exceeded,577,5.76,0,,v03_c_moderate_rise_higher_mag
traj_0018,near_boundary,20260820,42.03890567835728,609.5500720783858,0.08348631275757384,0.3251234396219428,0.026089472736741826,0.08379656662204843,0.0832300968301034,41.94082863539163,42.123770563208886,0.0021248120405589392,False,,False,completed_normally,2001,20.0,0,,v03_c_moderate_rise_higher_mag
traj_0019,near_boundary,20260820,57.001826840157435,1690.663478125664,0.029250956070319852,0.4213732492436239,0.009140923771974955,0.02942204682948517,0.029019109618751808,56.87907017105062,57.1657030508228,0.0023467051018596103,False,,False,completed_normally,2001,20.0,0,,v03_c_moderate_rise_higher_mag
traj_0020,near_boundary,20260820,48.753803798907775,1771.7070750759578,0.05316318471132428,0.3553446593425073,0.016613495222288836,0.05316318471132428,-0.1806087217066621,48.753803798907335,55.261387269333085,0.7878739889003354,False,,True,validity_envelope_gamma_exceeded,435,4.34,0,,v03_c_moderate_rise_higher_mag
traj_0021,near_boundary,20260820,69.37586775221446,782.4222249306979,0.007897119844463018,0.5644489036783613,0.002467849951394693,0.2355229532919343,0.007897119844435434,61.14050327653185,69.37586775221446,0.7856629607082737,False,,True,validity_envelope_gamma_exceeded,333,3.3200000000000003,0,,v03_c_moderate_rise_higher_mag
traj_0022,near_boundary,20260820,60.28969257837509,1734.3111205762623,0.022295907322528227,0.4547285681506229,0.00696747103829007,0.022295907322528227,-0.20987411990627125,60.28969257836514,64.51043535865229,0.7861112143080221,False,,True,validity_envelope_gamma_exceeded,722,7.21,0,,v03_c_moderate_rise_higher_mag
traj_0023,near_boundary,20260820,39.38200117172248,1189.897304084392,0.0997290466914614,0.320988372127827,0.03116532709108169,0.7499611051671219,0.08367599134328688,31.692064502502884,44.522958508429916,0.3084683142477569,True,6.29,False,completed_normally,2001,20.0,0,,v03_c_moderate_rise_higher_mag
traj_0024,near_boundary,20260820,44.012873067653075,1728.550678998628,0.07317942406239406,0.33133668115390313,0.022868570019498144,0.9100123065902469,0.06204702628867495,32.77660906476975,48.41664927468835,0.41669624684572976,True,7.36,False,completed_normally,2001,20.0,0,,v03_c_moderate_rise_higher_mag
traj_0025,near_boundary,20260820,67.78965920617262,578.5242364715718,0.010004840832800767,0.5435595298673241,0.0031265127602502396,0.010004840832800767,-0.21152233547262533,67.78965920617262,71.82650578261801,0.7867605781073523,False,,True,validity_envelope_gamma_exceeded,770,7.69,0,,v03_c_moderate_rise_higher_mag
traj_0026,near_boundary,20260820,58.95332249888659,1993.4504181115028,0.024984815132626684,0.4407337685591496,0.007807754728945839,0.35391287232769464,0.024984815132626684,50.14571745926863,58.95332249889443,0.7891145673385974,True,5.71,True,validity_envelope_gamma_exceeded,610,6.09,0,,v03_c_moderate_rise_higher_mag
traj_0027,near_boundary,20260820,50.321717717040315,604.1795946946696,0.04772031493517179,0.36573219448201044,0.014912598417241183,0.04772031493517179,-0.23919953910145098,50.32171771702578,54.978602386454476,0.7897864974080981,False,,True,validity_envelope_gamma_exceeded,740,7.390000000000001,0,,v03_c_moderate_rise_higher_mag
traj_0028,near_boundary,20260820,63.44726125897375,741.1911819177099,0.0165955086409004,0.4900606875709467,0.005186096450281375,0.2962578254047108,0.016595508640869304,55.02094121241592,63.44726125897375,0.789531126068902,True,6.8100000000000005,True,validity_envelope_gamma_exceeded,694,6.93,0,,v03_c_moderate_rise_higher_mag
traj_0029,near_boundary,20260820,59.971386965442335,1341.7864161961502,0.022920324022603612,0.4513421382994406,0.007162601257063628,0.262170280637568,0.022920324022523482,50.668854964205636,59.971386965442335,0.7862915291693401,False,,True,validity_envelope_gamma_exceeded,557,5.5600000000000005,0,,v03_c_moderate_rise_higher_mag
traj_0000,near_boundary,20260821,54.82720503814721,1501.5211399867244,0.03454231854151735,0.4013774432207021,0.010794474544224171,0.034770307422634546,0.0343837057117288,54.682376310900835,54.931178104579026,0.0022266443942460684,False,,False,completed_normally,2001,20.0,0,,v03_d_very_gentle_rise
traj_0001,near_boundary,20260821,61.102387283363,875.3277015394508,0.020745082819602197,0.46352282187926264,0.006482838381125687,0.20443832876339907,0.020745082819602197,49.82592957823117,61.10238728336484,0.7891383458832532,False,,True,validity_envelope_gamma_exceeded,654,6.53,0,,v03_d_very_gentle_rise
traj_0002,near_boundary,20260821,60.63989245877729,1033.8713164371386,0.02162009590291861,0.45849215706685525,0.0067562799696620655,0.02162009590291861,-0.15689318779789796,60.639892458776686,68.24900904754584,0.7896815447649523,False,,True,validity_envelope_gamma_exceeded,661,6.6000000000000005,0,,v03_d_very_gentle_rise
traj_0003,near_boundary,20260821,63.40185084216944,1471.853706000269,0.01667157746909698,0.4895306880786605,0.005209867959092806,0.19129742311257147,0.016671577469036452,52.182450776281414,63.40185084216944,0.7889278405659568,False,,True,validity_envelope_gamma_exceeded,832,8.31,0,,v03_d_very_gentle_rise
traj_0004,near_boundary,20260821,69.74503644690098,1397.145466165731,0.0074268795718003995,0.5694109115555794,0.002320899866187625,0.00742687957185427,0.0071142654560919704,69.74503644690098,70.12249028492177,0.003951759082254145,False,,False,completed_normally,2001,20.0,0,,v03_d_very_gentle_rise
traj_0005,near_boundary,20260821,55.00456912530538,1182.958131439487,0.034087536905419095,0.4029436542261849,0.010652355282943468,0.2231209499984238,0.034087536905252826,42.406139834333736,55.00456912530538,0.7874560913450687,False,,True,validity_envelope_gamma_exceeded,1114,11.13,0,,v03_d_very_gentle_rise
traj_0006,near_boundary,20260821,47.200271459263476,1374.2260989640008,0.05908401381722146,0.3461910856995933,0.01846375431788171,0.05908401381722146,-0.14753307788720105,47.200271459263476,56.63512762914576,0.7877030075723415,False,,True,validity_envelope_gamma_exceeded,830,8.290000000000001,0,,v03_d_very_gentle_rise
traj_0007,near_boundary,20260821,67.95233019442357,1496.9165569852344,0.009781946854116225,0.5456693724186534,0.00305685839191132,0.009781946854250722,-0.1452107133865398,67.95233019442357,75.49861392640649,0.7863576755861016,False,,True,validity_envelope_gamma_exceeded,475,4.74,0,,v03_d_very_gentle_rise
traj_0008,near_boundary,20260821,68.95184329056761,1376.495232044236,0.008446484315239991,0.5587960623813921,0.002639526348512497,0.17242249233282125,0.008446484315239991,58.188634970769264,68.95184329057966,0.7881289057402149,False,,True,validity_envelope_gamma_exceeded,818,8.17,0,,v03_d_very_gentle_rise
traj_0009,near_boundary,20260821,53.55052108170894,1859.385491006156,0.03794777671306526,0.39045471871804543,0.011858680222832894,0.27019178374706165,0.03794777671306526,42.45185536201022,53.5505210817363,0.7893981132966633,False,,True,validity_envelope_gamma_exceeded,912,9.11,0,,v03_d_very_gentle_rise
traj_0010,near_boundary,20260821,61.03707655424002,1915.2551310863441,0.020867458197951202,0.4628082864613477,0.006521080686859751,0.21767367232906576,0.020867458197903428,50.4917558611566,61.03707655424002,0.7859443132682413,False,,True,validity_envelope_gamma_exceeded,849,8.48,0,,v03_d_very_gentle_rise
traj_0011,near_boundary,20260821,39.82560275784588,1017.4892968988751,0.09680446662074269,0.321308649517492,0.03025139581898209,0.8073599980802001,0.05405573112419572,22.553363025229725,57.74678205224428,0.5233681587069875,True,6.22,False,completed_normally,2001,20.0,0,,v03_d_very_gentle_rise
traj_0012,near_boundary,20260821,71.00537930659969,1060.6767870518586,0.005875821364398177,0.586632607690773,0.0018361941763744304,0.1748824450765003,0.005875821364343295,60.7087685152453,71.00537930659969,0.7884775594198903,False,,True,validity_envelope_gamma_exceeded,552,5.51,0,,v03_d_very_gentle_rise
traj_0013,near_boundary,20260821,38.10955350358571,1262.4277147383632,0.10864735090221994,0.32097445266502067,0.03395229715694373,0.10940194406836028,0.10780393771745563,37.91391282309472,38.32108170448276,0.005481424223727719,False,,False,completed_normally,2001,20.0,0,,v03_d_very_gentle_rise
traj_0014,near_boundary,20260821,47.64644246199504,1932.8677427063856,0.05732594269710504,0.3486992148734614,0.017914357092845324,0.05732594269710504,-0.14840540696059623,47.64644246198633,56.912369983667446,0.787214978139311,False,,True,validity_envelope_gamma_exceeded,783,7.82,0,,v03_d_very_gentle_rise
traj_0015,near_boundary,20260821,64.44671771944056,1630.3544717121642,0.014961292760212842,0.5018830325075,0.004675403987566513,0.014961292760212842,-0.1598375211726274,64.44671771941117,71.6591582251278,0.7895090784478896,False,,True,validity_envelope_gamma_exceeded,945,9.44,0,,v03_d_very_gentle_rise
traj_0016,near_boundary,20260821,52.9047228381114,1839.5211303830579,0.03976316336633827,0.38516974688811634,0.012425988551980708,0.2539118848088593,0.03976316336633827,40.7984955572434,52.9047228381122,0.789301710367216,False,,True,validity_envelope_gamma_exceeded,592,5.91,0,,v03_d_very_gentle_rise
traj_0017,near_boundary,20260821,53.50075725200756,1488.4389477018512,0.038085379174039674,0.3900416472858979,0.011901680991887398,0.2831188921829343,0.03808537917387604,42.44094340150939,53.50075725200756,0.7857006936530985,True,9.69,True,validity_envelope_gamma_exceeded,972,9.71,0,,v03_d_very_gentle_rise
traj_0018,near_boundary,20260821,38.141615490716404,1448.1617842739004,0.10841251457079581,0.32095760676762697,0.03387891080337369,0.8043652871104097,0.06957849014743284,25.847571037831237,51.799869730563834,0.46291310002031144,True,8.22,False,completed_normally,2001,20.0,0,,v03_d_very_gentle_rise
traj_0019,near_boundary,20260821,59.77616828196421,582.077226533741,0.023308156950308336,0.4492815297580306,0.007283799046971355,0.2060846007401188,0.023308156950124153,48.45775244869539,59.77616828196421,0.7890883857562556,False,,True,validity_envelope_gamma_exceeded,550,5.49,0,,v03_d_very_gentle_rise
traj_0020,near_boundary,20260821,41.12139921973685,1331.9928897433201,0.08876237524561975,0.32311177327414475,0.027738242264256172,0.8295313753035078,0.05616297978531681,24.35612695282019,54.39007840705105,0.5397139153293239,True,7.08,False,completed_normally,2001,20.0,0,,v03_d_very_gentle_rise
traj_0021,near_boundary,20260821,71.41377686151361,544.7550975402536,0.005390579698934691,0.5923056723676476,0.001684556155917091,0.005390579698934691,-0.14833514336887477,71.41377686151127,78.60679098226485,0.7879564264091593,False,,True,validity_envelope_gamma_exceeded,575,5.74,0,,v03_d_very_gentle_rise
traj_0022,near_boundary,20260821,61.445803081425794,1622.7879346356356,0.02010793243252103,0.46730222786900044,0.006283728885162822,0.02010793243252103,-0.1609335408792978,61.44580308142512,68.7266456453124,0.7878963618441994,False,,True,validity_envelope_gamma_exceeded,527,5.26,0,,v03_d_very_gentle_rise
traj_0023,near_boundary,20260821,69.88480668368207,1046.824183239205,0.007250764855698076,0.5712993596753535,0.0022658640174056488,0.007567249730230462,-0.13691233798458013,69.50587167721552,77.8232550223181,0.7879707105979952,False,,True,validity_envelope_gamma_exceeded,1059,10.58,0,,v03_d_very_gentle_rise
traj_0024,near_boundary,20260821,31.371624224932226,1029.2089698267173,0.17293968244352642,0.3495080946964296,0.05404365076360201,0.1729396824436009,-0.12862779681445013,31.33727806701252,43.517639212237285,0.7867864721174953,False,,True,validity_envelope_gamma_exceeded,717,7.16,0,,v03_d_very_gentle_rise
traj_0025,near_boundary,20260821,47.817416699238784,837.717805283863,0.056664853832541454,0.34968650521159833,0.017707766822669203,0.35737246996951266,0.056664853832541454,35.43045450618275,47.81741669924021,0.7863915791375642,True,6.05,True,validity_envelope_gamma_exceeded,654,6.53,0,,v03_d_very_gentle_rise
traj_0026,near_boundary,20260821,65.66936880534372,1701.5639227651036,0.013061545610690423,0.5167494844465013,0.004081733003340757,0.01308708501752354,0.012577494181985437,65.6349362724551,66.16887554301914,0.0057715916815345575,False,,False,completed_normally,2001,20.0,0,,v03_d_very_gentle_rise
traj_0027,near_boundary,20260821,56.62984075307717,854.7273849545131,0.030113774423950926,0.4178323312433465,0.009410554507484663,0.22071346863653762,0.030113774423950926,44.502386592839606,56.62984075308914,0.7857114276143163,False,,True,validity_envelope_gamma_exceeded,786,7.8500000000000005,0,,v03_d_very_gentle_rise
traj_0028,near_boundary,20260821,38.129412964108525,1931.4196746824546,0.10850182739253919,0.3209639099543277,0.0339068210601685,0.10850182739257533,-0.1431089585727301,38.129412964108525,49.277069285796586,0.788035038094118,False,,True,validity_envelope_gamma_exceeded,1051,10.5,0,,v03_d_very_gentle_rise
traj_0029,near_boundary,20260821,31.41766886243791,1146.0091503198848,0.17237386893920856,0.3491048588893473,0.053866834043502676,0.1723738689392545,-0.11807025988315334,31.41766886243791,43.917058941441276,0.7875030686343801,False,,True,validity_envelope_gamma_exceeded,752,7.51,0,,v03_d_very_gentle_rise
traj_0000,near_boundary,20260822,49.3940324451558,1211.8042510102357,0.05087966733668649,0.3594512214392644,0.015899896042714527,0.4284371297645848,0.05087966733659397,37.85160600287577,49.3940324451558,0.7866018030020903,True,9.290000000000001,True,validity_envelope_gamma_exceeded,997,9.96,0,,v03_e_gentle_rise_short_hold
traj_0001,near_boundary,20260822,50.809884015663705,1100.0419898700095,0.04612517263754898,0.36919001827901143,0.014414116449234056,0.3780949750246838,0.04612517263754898,40.11200531851458,50.80988401568763,0.7862015443480579,True,8.67,True,validity_envelope_gamma_exceeded,918,9.17,0,,v03_e_gentle_rise_short_hold
traj_0002,near_boundary,20260822,71.43947927194097,1423.88752886899,0.005360316446298136,0.5926642112885162,0.0016750988894681676,0.005438030141513217,0.005062705608256037,71.3354763410926,71.82226733056112,0.003815667405796413,False,,False,completed_normally,2001,20.0,0,,v03_e_gentle_rise_short_hold
traj_0003,near_boundary,20260822,71.69532238111442,527.1829379199459,0.005060829451823982,0.59624282183855,0.0015815092036949945,0.1996858895365916,0.005060829451677807,62.64402200812363,71.69532238111442,0.7910141877328928,False,,True,validity_envelope_gamma_exceeded,671,6.7,0,,v03_e_gentle_rise_short_hold
traj_0004,near_boundary,20260822,44.59541430714292,529.8718054189517,0.07038483245585514,0.3336282397592103,0.02199526014245473,0.8074634134491534,0.05733587731073664,24.78440822283522,48.873211653719494,0.5482556407027515,True,7.34,False,completed_normally,2001,20.0,0,,v03_e_gentle_rise_short_hold
traj_0005,near_boundary,20260822,32.949656515470366,1091.0067050856708,0.15473780042362914,0.33760602726791844,0.04835556263238411,0.8134471219261551,0.11649856428910986,28.56017900756558,41.84054458503279,0.343252443936587,True,8.31,False,completed_normally,2001,20.0,0,,v03_e_gentle_rise_short_hold
traj_0006,near_boundary,20260822,36.50964905728076,1956.412900706522,0.12108849769457614,0.32303358313248676,0.03784015552955504,0.12108849769457614,-0.20973200460040764,36.50964905727643,43.58889881956979,0.786337244655637,False,,True,validity_envelope_gamma_exceeded,866,8.65,0,,v03_e_gentle_rise_short_hold
traj_0007,near_boundary,20260822,47.10097539014331,506.69340535662786,0.05948187225633522,0.34564648405248066,0.018588085080104757,0.6228253951701467,0.04357968005223867,16.126276232253183,50.51912898131044,0.7074843083703758,True,8.16,False,completed_normally,2001,20.0,0,,v03_e_gentle_rise_short_hold
traj_0008,near_boundary,20260822,40.72683433651103,1293.845109083932,0.091135156978047,0.32243016038793704,0.028479736555639686,0.8192902190894551,0.06616033139189134,29.341854278932985,50.144201723175875,0.38151585038555597,True,4.04,False,completed_normally,2001,20.0,0,,v03_e_gentle_rise_short_hold
traj_0009,near_boundary,20260822,43.88143260497319,1841.965802901892,0.07382475247109341,0.3308474416569296,0.023070235147216688,0.07430177622134346,0.07326274559780487,43.70513789866317,44.08346078991977,0.004332439455595948,False,,False,completed_normally,2001,20.0,0,,v03_e_gentle_rise_short_hold
traj_0010,near_boundary,20260822,33.28694109125362,900.2568748838291,0.1511400629911395,0.33554214318569714,0.04723126968473109,0.7992485658584676,0.13102734095630553,30.089215111334298,37.56918660922385,0.17744266340412826,True,6.67,False,completed_normally,2001,20.0,0,,v03_e_gentle_rise_short_hold
traj_0011,near_boundary,20260822,66.86154884293448,1143.089187668685,0.011307482330746809,0.5316654156843955,0.003533588228358378,0.2188702279384288,0.011307482330746809,57.22593005651832,66.86154884295941,0.7874959141054724,False,,True,validity_envelope_gamma_exceeded,944,9.43,0,,v03_e_gentle_rise_short_hold
traj_0012,near_boundary,20260822,67.67745675012524,1816.5947252738445,0.010159509553219127,0.5421086178839635,0.0031748467353809773,0.21649202336595763,0.010159509553219127,58.39799064788576,67.67745675013171,0.7855763986138612,False,,True,validity_envelope_gamma_exceeded,625,6.24,0,,v03_e_gentle_rise_short_hold
traj_0013,near_boundary,20260822,55.24545732864138,1883.6946586367533,0.033476747224830836,0.4050895283888548,0.010461483507759637,0.033476747224914664,-0.18428194547839727,55.24545732864138,61.9758561998284,0.7897155851142519,False,,True,validity_envelope_gamma_exceeded,946,9.450000000000001,0,,v03_e_gentle_rise_short_hold
traj_0014,near_boundary,20260822,67.99950305364185,601.4885295827006,0.009717605775274162,0.5462825996094718,0.0030367518047731755,0.2325599761080671,0.009717605775274162,58.753565865608984,67.99950305364185,0.7870705942826167,False,,True,validity_envelope_gamma_exceeded,418,4.17,0,,v03_e_gentle_rise_short_hold
traj_0015,near_boundary,20260822,72.97093518644502,1640.8836253227826,0.0036138754349736577,0.6143469088644111,0.0011293360734292682,0.183234276259713,0.0036138754349468584,63.455355338549516,72.97093518644502,0.7860798439802142,False,,True,validity_envelope_gamma_exceeded,502,5.01,0,,v03_e_gentle_rise_short_hold
traj_0016,near_boundary,20260822,55.73966365457697,952.9103494937567,0.03224791583262267,0.40955886273615927,0.010077473697694584,0.25860656052349806,0.03224791583262267,45.23135242847645,55.73966365458045,0.7898061386728691,False,,True,validity_envelope_gamma_exceeded,697,6.96,0,,v03_e_gentle_rise_short_hold
traj_0017,near_boundary,20260822,54.54147058554095,974.4169519974613,0.03528415471002859,0.3988790273397152,0.011026298346883933,0.03528415471002859,-0.16911246900503085,54.54147058554095,61.52844058064186,0.7870202430751274,False,,True,validity_envelope_gamma_exceeded,861,8.6,0,,v03_e_gentle_rise_short_hold
traj_0018,near_boundary,20260822,30.74616081728546,765.7130361142064,0.18085710060583865,0.3553461581956112,0.05651784393932458,0.8880334178270071,0.11738290341083786,22.596753697950405,45.10707086700291,0.4828930147498985,True,3.37,False,completed_normally,2001,20.0,0,,v03_e_gentle_rise_short_hold
traj_0019,near_boundary,20260822,43.29406252984586,1980.0308862573895,0.07677746796101267,0.32878949735881635,0.023992958737816462,0.7292683162024816,0.046802829099819365,21.67782277469204,56.28528609375974,0.6089134021951798,True,6.18,False,completed_normally,2001,20.0,0,,v03_e_gentle_rise_short_hold
traj_0020,near_boundary,20260822,34.075581891098395,1920.4389911356689,0.14308961380651383,0.33131798823866243,0.044715504314535574,0.9454982352173682,0.11114048374136459,31.098371130311897,41.86852179415797,0.29438504820047656,True,7.59,False,completed_normally,2001,20.0,0,,v03_e_gentle_rise_short_hold
traj_0021,near_boundary,20260822,36.45257738912574,1196.0481090224087,0.12155980489830934,0.3231532647082832,0.037987439030721666,0.12155980489844205,-0.15289095476508963,36.45257738912574,46.13491436912552,0.7857891779369336,False,,True,validity_envelope_gamma_exceeded,719,7.18,0,,v03_e_gentle_rise_short_hold
traj_0022,near_boundary,20260822,32.32260120412489,1008.4275701365129,0.16168939733856247,0.3418775126812572,0.05052793666830077,0.9191069305002192,0.11922234091151172,29.765264596530624,41.959269096836756,0.35281100806444704,True,5.2700000000000005,False,completed_normally,2001,20.0,0,,v03_e_gentle_rise_short_hold
traj_0023,near_boundary,20260822,35.89015512542418,1664.5102751627362,0.12631255179131476,0.3245139399814033,0.03947267243478586,0.9712596546540178,0.10029564214931862,30.58136158891381,42.87955316752387,0.2555127530215319,True,5.92,False,completed_normally,2001,20.0,0,,v03_e_gentle_rise_short_hold
traj_0024,near_boundary,20260822,57.72587834445142,1773.335012721802,0.027618350026485116,0.4284042153509166,0.008630734383276599,0.027618350026485116,-0.1715568164622263,57.72587834445142,63.70993639442527,0.7900296825022125,False,,True,validity_envelope_gamma_exceeded,419,4.18,0,,v03_e_gentle_rise_short_hold
traj_0025,near_boundary,20260822,44.13941408321157,1286.9683498112465,0.072563355450113,0.3318174435141928,0.022676048578160312,0.07256335545025373,-0.1911071868453018,44.13941408321157,50.77829892374962,0.7856272682214963,False,,True,validity_envelope_gamma_exceeded,598,5.97,0,,v03_e_gentle_rise_short_hold
traj_0026,near_boundary,20260822,50.94422523303933,525.0944938449885,0.045694032285888656,0.37015968235725627,0.014279385089340204,0.3356991657841154,0.045694032285888656,40.246249083202976,50.944225233059356,0.7876520532829346,True,8.24,True,validity_envelope_gamma_exceeded,861,8.6,0,,v03_e_gentle_rise_short_hold
traj_0027,near_boundary,20260822,60.76412328402662,580.190687705061,0.021383121490574225,0.4598367326728885,0.006682225465804445,0.0215059881156316,0.021341389157613213,60.66241800026129,60.80068815624806,0.0012726868766044846,False,,False,completed_normally,2001,20.0,0,,v03_e_gentle_rise_short_hold
traj_0028,near_boundary,20260822,56.02558546806581,1619.9445851045914,0.0315515256930486,0.412185219364132,0.009859851779077689,0.31435551297254316,0.0315515256930486,46.56764376310214,56.02558546807796,0.7889222464322146,True,7.86,True,validity_envelope_gamma_exceeded,809,8.08,0,,v03_e_gentle_rise_short_hold
traj_0029,near_boundary,20260822,57.02816344917161,903.9974157141373,0.029190497384407255,0.4216257919788283,0.009122030432627267,0.029190497384407255,-0.18599927355943946,57.028163449165476,63.21732688295504,0.7884736481928606,False,,True,validity_envelope_gamma_exceeded,646,6.45,0,,v03_e_gentle_rise_short_hold
