trajectory_id,generation_mode,random_seed,initial_airspeed,initial_altitude,initial_alpha,trim_throttle,trim_elevator,maximum_alpha,minimum_alpha,minimum_airspeed,maximum_airspeed,maximum_abs_gamma,whether_stall_occurred,time_of_first_stall,whether_validity_envelope_was_exceeded,termination_reason,n_steps,duration_actual_s,n_sanity_issues,sanity_issues
traj_0000,gradual_A_tight_margin,20260817,32.43761179282346,728.3514352786094,0.1603878975055706,0.34105051089870664,0.05012121797049081,0.5561094898354766,0.13456829324948594,26.37969263864028,37.768756952314035,0.2319688093535247,True,4.53,False,completed_normally,2001,20.0,0,
traj_0001,gradual_C_high_margin,20260817,44.72429402040387,1524.2988649102147,0.069780669346861,0.33416195624189776,0.021806459170894063,0.38649182726572295,0.069780669346861,30.054032535492507,44.72429402042459,0.7866002969119648,True,7.38,True,validity_envelope_gamma_exceeded,886,8.85,0,
traj_0002,gradual_B_moderate_margin,20260817,35.10163891772325,814.4848408740876,0.13332098255163946,0.32699920761147777,0.04166280704738733,0.13332098255163946,-0.06764820544962102,35.101638917721544,49.38858090851812,0.7855615679025608,False,,True,validity_envelope_gamma_exceeded,755,7.54,0,
traj_0003,gradual_D_two_stage,20260817,36.28691780416249,1454.3935198837266,0.12293916893462212,0.3235196346176556,0.03841849029206942,0.23716585174542654,0.07389862785006637,23.522410990504643,51.90212472232389,0.4444299888869617,False,,False,completed_normally,2001,20.0,0,
traj_0004,gradual_D_two_stage,20260817,37.48706220857749,1142.1860593450021,0.11331630512653004,0.32148662483650986,0.035411345352040643,0.11331630512666414,-0.059225597176779776,37.48706220857749,64.66859507044276,0.7866490804494194,False,,True,validity_envelope_gamma_exceeded,1344,13.43,0,
traj_0005,gradual_D_two_stage,20260817,33.57161441906245,1042.9725333884553,0.14817694439879217,0.3339221452330131,0.04630529512462255,0.2074389330265451,0.03764986827325134,23.321229156914868,48.59884996758448,0.464619476915172,False,,False,completed_normally,2001,20.0,0,
traj_0006,gradual_D_two_stage,20260817,36.70698321860174,1084.4829878020253,0.11947409101128065,0.3226452752201177,0.0373356534410252,0.22281792748719947,-0.01092269437355059,21.877481877780834,51.950352831801155,0.46831477666001925,False,,False,completed_normally,2001,20.0,0,
traj_0007,gradual_B_moderate_margin,20260817,58.25058980478165,1053.5798272436182,0.02647248717858523,0.4336123977723776,0.008272652243307884,0.026472487178722186,-0.11197691393850084,58.25058980478165,67.77496717602354,0.7874576719898023,False,,True,validity_envelope_gamma_exceeded,820,8.19,0,
traj_0008,gradual_B_moderate_margin,20260817,31.950444566171974,1952.6531403046283,0.16598589766013544,0.3446923746962032,0.05187059301879233,0.16598589766013544,-0.08153590874813466,31.950444566164396,44.45389124974338,0.7875216377583694,False,,True,validity_envelope_gamma_exceeded,741,7.4,0,
traj_0009,gradual_A_tight_margin,20260817,59.07890992295973,1648.1718848319347,0.024724442814594867,0.44202388210699783,0.007726388379560896,0.024724442814594867,-0.07163527471339848,59.07890992295705,72.30134400476771,0.7861401759706473,False,,True,validity_envelope_gamma_exceeded,683,6.82,0,
traj_0010,gradual_E_slow_rise_slow_recovery,20260817,39.58591714587429,1083.7334088788537,0.09837332127870393,0.32111608519564033,0.030741662899594978,0.39625129319988295,0.048959773617890334,17.07104268548508,61.20521360561727,0.5885554571852433,True,4.43,False,completed_normally,2001,20.0,0,
traj_0011,gradual_B_moderate_margin,20260817,53.53380327669441,1971.6347739500973,0.03799396132438467,0.3903158426222316,0.01187311291387021,0.03799396132438467,-0.11645394894817995,53.533803276690925,63.00418041599658,0.7856207495367028,False,,True,validity_envelope_gamma_exceeded,959,9.58,0,
traj_0012,gradual_E_slow_rise_slow_recovery,20260817,36.19534348020798,651.4606354757304,0.12370895705459034,0.3237343828229729,0.03865904907955948,0.5578546114777362,0.10786339213646215,25.938629953661128,40.08831382596405,0.3239586429529389,True,8.51,False,completed_normally,2001,20.0,0,
traj_0013,gradual_D_two_stage,20260817,37.2078053324252,1002.6284291158455,0.11548043515800424,0.32183370406064554,0.03608763598687633,0.38352127826676996,-0.006881782827812655,14.901272363442862,54.07487837410589,0.745067899083904,True,18.240000000000002,False,completed_normally,2001,20.0,0,
traj_0014,gradual_C_high_margin,20260817,68.65877671609378,1670.3994232173798,0.008832080683649574,0.5549182579609316,0.0027600252136404917,0.008832080683649574,-0.1632107971081619,68.65877671609188,73.79430179759798,0.7871101407837535,False,,True,validity_envelope_gamma_exceeded,514,5.13,0,
traj_0015,gradual_B_moderate_margin,20260817,54.18606186513546,1153.613905190253,0.036223001790023204,0.39581439375668315,0.01131968805938225,0.21916769687366322,0.03622300178984886,43.03234517961375,54.18606186513546,0.788365722539157,False,,True,validity_envelope_gamma_exceeded,748,7.47,0,
traj_0016,gradual_A_tight_margin,20260817,33.84973728408178,1126.6591372574524,0.1453448680750173,0.33244407155541034,0.045420271273442905,0.47179153575731114,0.11721463463015436,24.693969857256246,40.4327678182531,0.27119428681730356,True,7.46,False,completed_normally,2001,20.0,0,
traj_0017,gradual_D_two_stage,20260817,70.25103502911809,1786.6541889973676,0.006794231151826399,0.5762729182478193,0.0021231972349457498,0.10692600942961772,0.006794231151826399,47.37013306779105,70.25103502912066,0.7857176726925362,False,,True,validity_envelope_gamma_exceeded,927,9.26,0,
traj_0018,gradual_D_two_stage,20260817,66.2276528393877,1862.2452164928695,0.01222847612496367,0.523683306900286,0.003821398789051147,0.07707828336890343,-0.07285154853501308,44.07798964529091,66.22765283939167,0.5127206208840145,False,,False,completed_normally,2001,20.0,0,
traj_0019,gradual_D_two_stage,20260817,70.21411205408171,1535.051295815671,0.006839938361596164,0.5757698220458839,0.002137480737998801,0.10036552466379012,-0.07308656139021069,46.4307950238251,75.88182984709793,0.6619246144609342,False,,False,completed_normally,2001,20.0,0,
traj_0020,gradual_A_tight_margin,20260817,72.5611529486088,1093.4459595203473,0.004070468450925146,0.6084838054246755,0.001272021390914108,0.09664048203382292,0.004070468450925146,58.47162188630674,72.56115294862214,0.7873446065377706,False,,True,validity_envelope_gamma_exceeded,973,9.72,0,
traj_0021,gradual_D_two_stage,20260817,68.02655812168244,525.0388572494438,0.009680763948657106,0.5466345867803872,0.0030252387339553457,0.009680763948657106,-0.057523750366999415,68.02655812168025,94.51434047729705,0.7866123523317179,False,,True,validity_envelope_gamma_exceeded,1203,12.02,0,
traj_0022,gradual_E_slow_rise_slow_recovery,20260817,39.80623675388975,1408.0619057442325,0.09693024774655992,0.3212914049435887,0.030290702420799974,0.0969302477465739,-0.1114606884488839,39.80623675388975,50.738018993243834,0.7866723026677837,False,,True,validity_envelope_gamma_exceeded,681,6.8,0,
traj_0023,gradual_E_slow_rise_slow_recovery,20260817,49.5332060661453,1896.7311238292407,0.050394644191066096,0.36036884156709,0.015748326309708155,0.2526771055879128,0.05039464419106165,37.88575026701817,49.5332060661453,0.7864446339150996,False,,True,validity_envelope_gamma_exceeded,904,9.03,0,
traj_0024,gradual_C_high_margin,20260817,48.7048488242517,816.4695322831271,0.05334140665045212,0.3550385002522419,0.016669189578266286,0.05334140665045212,-0.16652850134843433,48.704848824248565,55.35378435935914,0.7872389106766418,False,,True,validity_envelope_gamma_exceeded,568,5.67,0,
traj_0025,gradual_B_moderate_margin,20260817,58.03826475950614,1995.8941025713011,0.02693247701410364,0.4314935731779454,0.008416399066907389,0.18306044195793103,0.026932477013946625,46.28208041139097,58.03826475950614,0.7868503630892786,False,,True,validity_envelope_gamma_exceeded,906,9.05,0,
traj_0026,gradual_A_tight_margin,20260817,68.62153558268336,1228.636278460053,0.008881430319997382,0.5544272039640097,0.002775446974999182,0.008881430319997382,-0.10192465899613268,68.62153558265702,77.84928797938787,0.7860364484515165,False,,True,validity_envelope_gamma_exceeded,1013,10.120000000000001,0,
traj_0027,gradual_A_tight_margin,20260817,53.03922445032379,1367.8042471339631,0.03937970645443843,0.38625688619579424,0.01230615826701201,0.1656244841790402,0.03937970645443843,35.35026986685121,53.03922445034264,0.7856319008803313,False,,True,validity_envelope_gamma_exceeded,1165,11.64,0,
traj_0028,gradual_E_slow_rise_slow_recovery,20260817,50.3272624443429,892.5288402602275,0.04770194219778347,0.36577088588422757,0.014906856936807333,0.047701942197889355,-0.10482188394392611,50.3272624443429,60.884529166901174,0.7872564837710934,False,,True,validity_envelope_gamma_exceeded,855,8.540000000000001,0,
traj_0029,gradual_A_tight_margin,20260817,52.81010850792363,1722.6094873566738,0.04003462487218334,0.3844093200992207,0.012510820272557293,0.18506859826767685,0.04003462487218334,39.13542252782001,52.81010850792421,0.7867065319227704,False,,True,validity_envelope_gamma_exceeded,599,5.98,0,
traj_0030,gradual_E_slow_rise_slow_recovery,20260817,53.73721895554864,1054.8996459498126,0.03743487304891389,0.39201301525272203,0.01169839782778559,0.20297050880914425,0.03743487304891389,41.69298469751648,53.73721895554864,0.7862793360804564,False,,True,validity_envelope_gamma_exceeded,633,6.32,0,
traj_0031,gradual_B_moderate_margin,20260817,33.1404207627909,572.4010403367171,0.15269118687936642,0.3364191885211481,0.047715995899802,0.6390946764064597,0.13201037986047273,28.33942513761566,37.51038932753216,0.2160130120790095,True,7.3500000000000005,False,completed_normally,2001,20.0,0,
traj_0032,gradual_A_tight_margin,20260817,70.95461181571955,1169.8987691660188,0.005936721679105136,0.5859305467408367,0.001855225524720355,0.10697090123585573,0.005936721679066135,57.89876030793851,70.95461181571955,0.7879848654500015,False,,True,validity_envelope_gamma_exceeded,1038,10.370000000000001,0,
traj_0033,gradual_D_two_stage,20260817,74.09522857077752,1274.36790228236,0.002399465219134665,0.6306610406624732,0.0007498328809795829,0.13412888158511616,0.0023994652190128096,46.854936556657556,74.09522857077752,0.786101841249728,False,,True,validity_envelope_gamma_exceeded,1121,11.200000000000001,0,
traj_0034,gradual_C_high_margin,20260817,49.505038986430336,1461.7583836149558,0.050492485646291246,0.36018241530361145,0.015778901764466016,0.050492485646454525,-0.17389560945054183,49.505038986430336,55.59563284144357,0.7861820382242706,False,,True,validity_envelope_gamma_exceeded,601,6.0,0,
traj_0035,gradual_A_tight_margin,20260817,35.8270498351497,1702.979092809522,0.12685833061358284,0.3246875573123157,0.03964322831674464,0.44813549447646084,0.08311086285201436,21.480831431673778,49.24963549786418,0.3964465150188385,True,5.24,False,completed_normally,2001,20.0,0,
traj_0036,gradual_D_two_stage,20260817,72.68054827885835,1391.0279285052152,0.003936644191265708,0.6101874919844592,0.0012302013097705337,0.00393664419126763,-0.06683941497582868,72.68054827885835,100.3469675813074,0.7864344066718747,False,,True,validity_envelope_gamma_exceeded,1104,11.03,0,
traj_0037,gradual_B_moderate_margin,20260817,64.96859954832817,1671.4260478830192,0.014137424630647415,0.5081747891358375,0.0044179451970773175,0.17171289203083684,0.014137424630519316,54.25227585509243,64.96859954832817,0.7880590417834955,False,,True,validity_envelope_gamma_exceeded,991,9.9,0,
traj_0038,gradual_A_tight_margin,20260817,74.10824630235571,864.4586819409307,0.0023857239268540026,0.6308518813162798,0.0007455387271418758,0.002385723927007646,-0.10409561716583193,74.10824630235571,83.32598601613981,0.7883519153779178,False,,True,validity_envelope_gamma_exceeded,586,5.8500000000000005,0,
traj_0039,gradual_E_slow_rise_slow_recovery,20260817,70.39220966823001,900.6816282544233,0.0066201261473449804,0.5781999360135116,0.0020687894210453064,0.14596029158653623,0.0066201261473449804,59.43445636879324,70.3922096682342,0.7883442897421098,False,,True,validity_envelope_gamma_exceeded,989,9.88,0,
traj_0040,gradual_D_two_stage,20260817,37.73063146660026,1772.6374221291396,0.11146431674214938,0.3212438308960608,0.034832598981921675,0.23315493843264595,0.015608354376929534,23.345950726640048,55.70984101055563,0.569078289130631,False,,False,completed_normally,2001,20.0,0,
traj_0041,gradual_B_moderate_margin,20260817,72.03858129496055,1112.4471213744987,0.004663967717853106,0.6010717781340974,0.0014574899118290957,0.004663967718041676,-0.13272298522458736,72.03858129496055,78.61452223052872,0.7870127971974225,False,,True,validity_envelope_gamma_exceeded,574,5.73,0,
traj_0042,gradual_A_tight_margin,20260817,55.64084546687735,1054.9578875337113,0.03249105370868328,0.4086580597628975,0.010153454283963524,0.17384594431505818,0.0324910537085498,42.28507316050862,55.64084546687735,0.7872388130652984,False,,True,validity_envelope_gamma_exceeded,594,5.93,0,
traj_0043,gradual_B_moderate_margin,20260817,48.73246125176158,1412.994706170522,0.05324081864542782,0.3552110469450983,0.01663775582669619,0.05324081864542782,-0.12176500978431348,48.732461251758735,57.650289913105254,0.7882012301542398,False,,True,validity_envelope_gamma_exceeded,587,5.86,0,
traj_0044,gradual_B_moderate_margin,20260817,51.56523099942346,1515.8773310625986,0.04374364197787506,0.37474186053759156,0.013669888118085956,0.2034613825792625,0.04374364197772693,38.63681995174103,51.56523099942346,0.7854112712074344,False,,True,validity_envelope_gamma_exceeded,802,8.01,0,
traj_0045,gradual_E_slow_rise_slow_recovery,20260817,38.22584725344615,1250.287460470529,0.10779814077959282,0.32091771343619,0.03368691899362276,0.5446602313185722,0.08966375589667569,22.107360856200465,42.74093520463286,0.47059339250907856,True,9.34,False,completed_normally,2001,20.0,0,
traj_0046,gradual_C_high_margin,20260817,71.86996054110313,1909.427069491481,0.004858216371414459,0.5986956783617398,0.0015181926160670186,0.004858216371500361,-0.15764169912790083,71.86996054110313,77.78567088903327,0.7887271451318041,False,,True,validity_envelope_gamma_exceeded,662,6.61,0,
traj_0047,gradual_E_slow_rise_slow_recovery,20260817,36.37135139845605,1891.289817641308,0.12223402014437845,0.32332936178781635,0.038198131295118266,0.6117856644939674,0.10120911420482015,25.456347887586,41.850021102827874,0.3756087694799763,True,9.01,False,completed_normally,2001,20.0,0,
traj_0048,gradual_E_slow_rise_slow_recovery,20260817,60.158996253037124,1380.0722461014527,0.02255111055828635,0.4533341223054355,0.007047222049464484,0.1541655500802378,0.022551110558231946,47.62093758997803,60.158996253037124,0.7858566137183918,False,,True,validity_envelope_gamma_exceeded,513,5.12,0,
traj_0049,gradual_A_tight_margin,20260817,50.9937228511582,1056.846558924681,0.04553601817077502,0.3705189027224968,0.014230005678367193,0.17988103226711183,0.04553601817077502,33.05988646160891,50.99372285115917,0.7854718917619781,False,,True,validity_envelope_gamma_exceeded,789,7.88,0,
traj_0050,gradual_C_high_margin,20260817,51.28559726194491,1483.5764183090307,0.04461332032297177,0.37265835670533437,0.013941662600928679,0.04461332032297177,-0.1380465245528243,51.28559726192565,59.24225010023797,0.7858078804401595,False,,True,validity_envelope_gamma_exceeded,822,8.21,0,
traj_0051,gradual_D_two_stage,20260817,46.701992413280024,1248.4289554952193,0.061105343285482006,0.3435088528176519,0.019095419776713127,0.1980528943824098,-0.03230548130404398,18.052812240327434,46.70199241328254,0.7869624091451485,False,,True,validity_envelope_gamma_exceeded,1469,14.68,0,
traj_0052,gradual_C_high_margin,20260817,31.897382835170593,577.3791456899158,0.1666093319435962,0.3451113211259541,0.05206541623237381,0.7940625912224202,0.12492823229641653,29.55171873899133,40.9761058463079,0.33895114066884957,True,7.4,False,completed_normally,2001,20.0,0,
traj_0053,gradual_C_high_margin,20260817,47.36436008277736,1779.3038538521007,0.05843184855862013,0.34710194054344,0.01825995267456879,0.05843184855863935,-0.14856576799206833,47.36436008277736,55.05800582192047,0.787647991693711,False,,True,validity_envelope_gamma_exceeded,488,4.87,0,
traj_0054,gradual_E_slow_rise_slow_recovery,20260817,45.274829092697814,1759.647571935019,0.0672554399760718,0.3365483680724667,0.02101732499252244,0.0672554399760718,-0.12656664656143335,45.27482909269717,55.18714371453422,0.7857915941729487,False,,True,validity_envelope_gamma_exceeded,597,5.96,0,
traj_0055,gradual_E_slow_rise_slow_recovery,20260817,53.99176400955109,818.0024072145267,0.03674396590832822,0.3941593304789162,0.011482489346352568,0.03674396590841728,-0.11318621000399964,53.99176400955109,63.311536127447404,0.7858169422593257,False,,True,validity_envelope_gamma_exceeded,751,7.5,0,
traj_0056,gradual_D_two_stage,20260817,73.67204297389547,1725.176426223326,0.002850110696623843,0.6244813228369477,0.000890659592694951,0.07120792737009418,-0.07378884941681424,45.776120711191886,73.67204297389547,0.6591006875395589,False,,False,completed_normally,2001,20.0,0,
traj_0057,gradual_D_two_stage,20260817,59.178100625063,1252.387231351045,0.024519950578405263,0.44304653993786186,0.007662484555751645,0.1909347266085218,0.019189324651621154,19.662962960570333,59.178100625063,0.6660107774729879,False,,False,completed_normally,2001,20.0,0,
traj_0058,gradual_C_high_margin,20260817,69.2418856720498,1961.2695480008852,0.008069627533556088,0.5626573517984232,0.002521758604236277,0.19773280983327757,0.008069627533556088,60.61284741118669,69.2418856720515,0.7854503199877325,False,,True,validity_envelope_gamma_exceeded,513,5.12,0,
traj_0059,gradual_A_tight_margin,20260817,40.51853717294405,1869.290290245303,0.0924140924336955,0.3221163849417055,0.028879403885529842,0.0924140924337968,-0.05957446479751605,40.51853717294405,76.95810081258388,0.726111966280715,False,,False,completed_normally,2001,20.0,0,
traj_0060,gradual_A_tight_margin,20260817,58.87933492268489,1673.1515170338723,0.025138977782999554,0.439976183059038,0.007855930557187361,0.17925345066593093,0.025138977782999554,20.63078720154799,58.87933492269022,0.760808266820542,False,,False,completed_normally,2001,20.0,0,
traj_0061,gradual_C_high_margin,20260817,55.86434594271797,682.6240480521425,0.031942947826249665,0.41070050133471303,0.009982171195703021,0.2475338894010185,0.031942947826227065,45.824702925941025,55.86434594271797,0.7886577537099836,False,,True,validity_envelope_gamma_exceeded,574,5.73,0,
traj_0062,gradual_C_high_margin,20260817,56.24380969692891,549.7290984345763,0.031027029598226293,0.4142095817409866,0.009695946749445718,0.25600091468678776,0.031027029598067624,46.31944659318677,56.24380969692891,0.7894856492617238,False,,True,validity_envelope_gamma_exceeded,529,5.28,0,
traj_0063,gradual_A_tight_margin,20260817,39.49864795369009,1622.8147834664342,0.09895114066319133,0.3210573315951402,0.03092223145724729,0.09895114066319133,-0.06617487786505716,39.498647953684724,54.098040126422646,0.7854399010659875,False,,True,validity_envelope_gamma_exceeded,1081,10.8,0,
traj_0064,gradual_E_slow_rise_slow_recovery,20260817,61.35083674654579,775.1720981886817,0.020283070977310604,0.46625336007588775,0.006338459680409564,0.19585105431586258,0.02028307097719452,50.641836106377866,61.35083674654579,0.7858660084586545,False,,True,validity_envelope_gamma_exceeded,805,8.040000000000001,0,
traj_0065,gradual_B_moderate_margin,20260817,33.41618481821848,745.1928986525016,0.1497865952698631,0.3347930299995168,0.046808311021832215,0.5919530005201457,0.12574768072853873,27.418924383863697,38.72233674700568,0.24227713681171942,True,7.46,False,completed_normally,2001,20.0,0,
traj_0066,gradual_A_tight_margin,20260817,48.33783886283711,865.478605799535,0.054694319602273125,0.35277933189138505,0.017091974875710354,0.2253760121548078,0.025907397782057362,18.642900412838973,64.41031904889925,0.6926006776226465,False,,False,completed_normally,2001,20.0,0,
traj_0067,gradual_B_moderate_margin,20260817,69.1390712180852,765.2722860420624,0.008202679135990851,0.5612859297491906,0.0025633372299971413,0.008202679135990851,-0.12159986786722254,69.13907121807051,76.50176285500207,0.785588166104301,False,,True,validity_envelope_gamma_exceeded,735,7.34,0,
traj_0068,gradual_B_moderate_margin,20260817,65.73133616644029,507.5296322668573,0.012968041682768647,0.5175146414507314,0.004052513025865202,0.012968041682792544,-0.13469182492123277,65.73133616644029,73.0558932541292,0.7863281911877205,False,,True,validity_envelope_gamma_exceeded,780,7.79,0,
traj_0069,gradual_A_tight_margin,20260817,73.68544170099474,1971.0554911677286,0.0028357245232056493,0.6246762614963187,0.0008861639135017654,0.09866688347864316,0.0028357245232056493,60.56621640421807,73.68544170100122,0.7878558448240041,False,,True,validity_envelope_gamma_exceeded,860,8.59,0,
traj_0070,gradual_E_slow_rise_slow_recovery,20260817,42.22550397026152,1718.2377935213215,0.0824528951626271,0.3256031978539692,0.02576652973832097,0.0824528951626271,-0.08507699457469525,42.22550397025889,57.56234258276759,0.7854315246104825,False,,True,validity_envelope_gamma_exceeded,738,7.37,0,
traj_0071,gradual_A_tight_margin,20260817,33.240694480739116,774.9283231688058,0.15162771584203613,0.3358157587004155,0.04738366120063629,0.15162771584212123,0.01286570473256049,31.14182290747333,53.900804941253185,0.528575370107627,False,,False,completed_normally,2001,20.0,0,
traj_0072,gradual_A_tight_margin,20260817,34.1443908741725,1659.7551836559824,0.14241026843415575,0.33098786752867887,0.04450320888567367,0.49366157534499444,0.1047255697170534,23.76399296599854,43.774795594943235,0.3256343690326588,True,5.89,False,completed_normally,2001,20.0,0,
traj_0073,gradual_B_moderate_margin,20260817,31.71037487032316,1597.0377449175824,0.1688287339515048,0.346623634820429,0.05275897935984525,0.1688287339516265,-0.07892171119313485,31.71037487032316,44.68721468323425,0.787436973646516,False,,True,validity_envelope_gamma_exceeded,675,6.74,0,
traj_0074,gradual_C_high_margin,20260817,32.832711184182415,578.1921914082654,0.1560078686599102,0.3383591329399451,0.048752458956221933,0.7217376867100709,0.12468957606035479,29.498174099560842,39.731498339072296,0.27203022719245723,True,7.2700000000000005,False,completed_normally,2001,20.0,0,
traj_0075,gradual_E_slow_rise_slow_recovery,20260817,67.2696597835521,891.4006568455623,0.010728110845302063,0.536865348313055,0.003352534639156895,0.1370990887676541,0.010728110845213185,54.64706257919849,67.2696597835521,0.786742809306499,False,,True,validity_envelope_gamma_exceeded,854,8.53,0,
traj_0076,gradual_D_two_stage,20260817,58.25118259740578,1063.410434890629,0.026471209857765285,0.43361833480270623,0.008272253080551652,0.10313318307801814,-0.049014396677808714,47.1747243901669,78.0800464415695,0.44449704625537123,False,,False,completed_normally,2001,20.0,0,
traj_0077,gradual_B_moderate_margin,20260817,63.12967010047553,1268.9846692283675,0.01713092149936978,0.48636711121144877,0.0053534129685530564,0.18081283338430076,0.01713092149936978,52.78813409998179,63.12967010048303,0.7892218233229316,False,,True,validity_envelope_gamma_exceeded,631,6.3,0,
traj_0078,gradual_C_high_margin,20260817,47.73715902070886,1395.2271815256056,0.05697432032847205,0.3492212672322297,0.017804475102647516,0.5083368846282426,0.05697432032847205,33.71074925242625,47.73715902071311,0.7854769376937698,True,5.11,True,validity_envelope_gamma_exceeded,661,6.6000000000000005,0,
traj_0079,gradual_A_tight_margin,20260817,66.57033075930883,1661.3057443415175,0.01172736584527186,0.5279840041992419,0.003664801826647456,0.01172736584527186,-0.08490626252045785,66.57033075930822,78.26066991835032,0.787275374501303,False,,True,validity_envelope_gamma_exceeded,622,6.21,0,
traj_0080,gradual_D_two_stage,20260817,53.50938348618608,738.5978434837025,0.038061499721174855,0.39011318132753475,0.011894218662867143,0.16882279479815843,0.012175973375376792,22.473837917001724,66.91020240536848,0.7639594468416265,False,,False,completed_normally,2001,20.0,0,
traj_0081,gradual_B_moderate_margin,20260817,70.9683758743484,957.5874995022082,0.0059201976276475315,0.5861208201910287,0.0018500617586398535,0.0059201976276475315,-0.11610615015282688,70.96837587434233,79.33313551771346,0.787065828777049,False,,True,validity_envelope_gamma_exceeded,773,7.72,0,
traj_0082,gradual_E_slow_rise_slow_recovery,20260817,36.70784384889721,590.0066752632976,0.11946710141837155,0.32264366774569203,0.037333469193241105,0.11946710141837155,-0.06298706556113332,36.707843848882696,52.5307275434418,0.7864928310148622,False,,True,validity_envelope_gamma_exceeded,1025,10.24,0,
traj_0083,gradual_C_high_margin,20260817,43.64638439965531,713.2136289990171,0.07499268469672893,0.32999856060714383,0.02343521396772779,0.07499268469672893,-0.1654956817441965,43.646384399645584,51.342601733277625,0.7871578021261699,False,,True,validity_envelope_gamma_exceeded,674,6.73,0,
traj_0084,gradual_B_moderate_margin,20260817,51.319148167651505,832.7539075298663,0.04450824095836663,0.3729066012409648,0.013908825299489572,0.04450824095836663,-0.11875001418186104,51.319148167637515,60.02986417114216,0.7859040684390656,False,,True,validity_envelope_gamma_exceeded,753,7.5200000000000005,0,
traj_0085,gradual_E_slow_rise_slow_recovery,20260817,73.93368535312804,1368.832330743009,0.002570586223759817,0.6282965028443835,0.0008033081949249428,0.0025705862238948446,-0.13056733522914732,73.93368535312804,81.67967000788613,0.7875277966536068,False,,True,validity_envelope_gamma_exceeded,742,7.41,0,
traj_0086,gradual_B_moderate_margin,20260817,44.303642691491675,1271.066518882506,0.07177132908065847,0.33245555074853056,0.022428540337705773,0.26317290109864966,0.07177132908064587,29.452095550300953,44.303642691491675,0.7856872168760544,False,,True,validity_envelope_gamma_exceeded,903,9.02,0,
traj_0087,gradual_B_moderate_margin,20260817,49.47826674700052,776.9125120903104,0.0505856328519205,0.3600055549278409,0.015808010266225154,0.2524670054036048,0.0505856328519205,37.39084476893787,49.47826674700142,0.7869630613119413,False,,True,validity_envelope_gamma_exceeded,571,5.7,0,
traj_0088,gradual_D_two_stage,20260817,44.84636592408033,1452.1863725903747,0.06921302490383097,0.3346762747601406,0.021629070282447177,0.3385530598377516,0.06921302490368723,18.12114803088483,44.84636592408033,0.6106266898787367,True,12.620000000000001,False,completed_normally,2001,20.0,0,
traj_0089,gradual_E_slow_rise_slow_recovery,20260817,64.07079126204157,905.5141486668216,0.015567113261907482,0.4974011028912493,0.004864722894346089,0.015567113261907482,-0.13279894288985739,64.0707912620283,72.3642132068429,0.787333306391467,False,,True,validity_envelope_gamma_exceeded,881,8.8,0,
traj_0090,gradual_B_moderate_margin,20260817,37.2555234876304,813.9203621125358,0.11510750847882975,0.32176912934785845,0.0359710963996343,0.11510750847882975,-0.09451910292230192,37.25552348762576,48.79946766130008,0.7873545263002646,False,,True,validity_envelope_gamma_exceeded,771,7.7,0,
traj_0091,gradual_C_high_margin,20260817,37.278854846576145,1357.0332331983807,0.11492564183171414,0.32173835094094677,0.03591426307241067,0.11492564183179164,-0.14376788294968668,37.278854846576145,45.488706573380654,0.7882880156569032,False,,True,validity_envelope_gamma_exceeded,735,7.34,0,
traj_0092,gradual_B_moderate_margin,20260817,58.50886076122705,971.8799251183062,0.02591959277038658,0.43621034392135666,0.008099872740745806,0.02591959277038658,-0.10285724054547085,58.50886076122652,67.84395597935524,0.7865802444193877,False,,True,validity_envelope_gamma_exceeded,987,9.86,0,
traj_0093,gradual_A_tight_margin,20260817,58.229724316536014,1606.6494566968108,0.02651747161067836,0.4334034984706895,0.008286709878336988,0.02651747161067836,-0.10212037420453268,58.22972431649913,68.44081872841734,0.786137116778419,False,,True,validity_envelope_gamma_exceeded,1072,10.71,0,
traj_0094,gradual_C_high_margin,20260817,48.010528162766086,639.1070838543736,0.05592639337198514,0.3508188409160901,0.017476997928745356,0.05592639337198514,-0.17359547014674037,48.01052816275322,54.48435697260311,0.7858411654548272,False,,True,validity_envelope_gamma_exceeded,696,6.95,0,
traj_0095,gradual_D_two_stage,20260817,59.68391250170858,1365.1535385327627,0.02349274440821271,0.44831206885330543,0.007341482627566472,0.05261840222000469,-0.08249940099893072,59.68391250170665,90.26554576047141,0.7480025180763881,False,,False,completed_normally,2001,20.0,0,
traj_0096,gradual_C_high_margin,20260817,63.390204266062725,837.9028939036659,0.016691113140212606,0.48939485795046933,0.005215972856316439,0.20641783440008876,0.016691113140069845,53.838148607381385,63.390204266062725,0.7865950061475139,False,,True,validity_envelope_gamma_exceeded,731,7.3,0,
traj_0097,gradual_B_moderate_margin,20260817,38.96311084247378,932.0074309313936,0.10257611487149329,0.320832417791596,0.032055035897341655,0.40759331985407976,0.07465523404680385,16.707733956072687,46.15772931326802,0.5935312883893124,True,9.36,False,completed_normally,2001,20.0,0,
traj_0098,gradual_A_tight_margin,20260817,50.550584429203774,1368.4230128775255,0.046966849431673424,0.3673404222563714,0.014677140447397945,0.046966849431673424,-0.06446000426611331,50.55058442920092,65.86091260801749,0.7866044734007037,False,,True,validity_envelope_gamma_exceeded,815,8.14,0,
traj_0099,gradual_C_high_margin,20260817,61.4370351516656,1597.0000201072726,0.020124068828353946,0.4672052701050086,0.0062887715088606085,0.020124068828353946,-0.16471513334104781,61.43703515166509,67.50432214755911,0.7903525908389194,False,,True,validity_envelope_gamma_exceeded,393,3.92,0,
traj_0100,gradual_C_high_margin,20260817,63.14719393774426,1824.2239084572243,0.017101170734100685,0.48657011288065405,0.005344115854406464,0.18725022737030506,0.017101170733973634,53.06685964994128,63.14719393774426,0.7868720037257823,False,,True,validity_envelope_gamma_exceeded,875,8.74,0,
traj_0101,gradual_E_slow_rise_slow_recovery,20260817,30.027334741991638,1532.434009491064,0.19053979315530983,0.3629301658344675,0.05954368536103432,0.19053979315537814,-0.007781251247102272,27.55023635068788,55.09124144129122,0.7279601395351936,False,,False,completed_normally,2001,20.0,0,
traj_0102,gradual_E_slow_rise_slow_recovery,20260817,31.271558046340306,1871.3443621763545,0.17417714539496856,0.35039673241918046,0.054430357935927674,0.17417714539500728,-0.06876380182038055,31.271558046340306,45.706006150524786,0.7860045358851777,False,,True,validity_envelope_gamma_exceeded,742,7.41,0,
traj_0103,gradual_C_high_margin,20260817,68.4194431963097,1851.2446625543728,0.009150622388416275,0.5517692106537194,0.002859569496380086,0.009150622388416275,-0.1680912150532392,68.41944319630893,73.67559285037551,0.7864155095882339,False,,True,validity_envelope_gamma_exceeded,398,3.97,0,
traj_0104,gradual_D_two_stage,20260817,30.623701015172127,1075.9726113240363,0.18246026429361772,0.3565701936071144,0.05701883259175554,0.43132749616625854,0.15101184822323507,24.711265534067433,36.431550268565005,0.2321026163151112,True,6.24,False,completed_normally,2001,20.0,0,
traj_0105,gradual_E_slow_rise_slow_recovery,20260817,67.46065196610614,817.354905564236,0.010460535876299686,0.5393151657877152,0.0032689174613436517,0.1534947951484641,0.010460535876221148,55.844188057659665,67.46065196610614,0.7884255370361019,False,,True,validity_envelope_gamma_exceeded,1055,10.540000000000001,0,
traj_0106,gradual_C_high_margin,20260817,58.32052793613684,1612.6178072421658,0.02632205242878716,0.43431367573086743,0.008225641383995988,0.026322052428788392,-0.14272947797661395,58.32052793613684,64.90866294200026,0.7888077381667248,False,,True,validity_envelope_gamma_exceeded,690,6.890000000000001,0,
traj_0107,gradual_E_slow_rise_slow_recovery,20260817,39.92640258344437,502.2381531146312,0.09615252784977346,0.3214031539152415,0.030047664953054207,0.36469096724729644,0.04444503403989836,14.712544775926816,63.28170254148954,0.6778505800291249,True,5.5600000000000005,False,completed_normally,2001,20.0,0,
traj_0108,gradual_A_tight_margin,20260817,48.04431817845343,729.8628454361108,0.05579806742796263,0.3510188388494356,0.01743689607123832,0.05579806742796263,-0.052422702001486354,48.044318178448734,83.11571966972642,0.6191508604995397,False,,False,completed_normally,2001,20.0,0,
traj_0109,gradual_C_high_margin,20260817,41.96300362686527,717.2378209625095,0.08391041192571974,0.32493499589046365,0.02622200372678742,0.08391041192573907,-0.16269003505393076,41.96300362686527,49.17450620217736,0.7868224688097734,False,,True,validity_envelope_gamma_exceeded,412,4.11,0,
traj_0110,gradual_E_slow_rise_slow_recovery,20260817,37.67137087283476,1608.0363350269624,0.11191189684512207,0.3212978271187747,0.034972467764100644,0.5836414218156165,0.07753525519275734,24.824899549275024,48.943710995278494,0.38285284324322727,True,4.89,False,completed_normally,2001,20.0,0,
traj_0111,gradual_E_slow_rise_slow_recovery,20260817,35.42882960876623,1104.2382200496488,0.13036244692387253,0.3258836085066159,0.04073826466371016,0.6396863154272571,0.1086592823574501,29.00549982700125,40.941174650892364,0.2644332111231938,True,5.88,False,completed_normally,2001,20.0,0,
traj_0112,gradual_E_slow_rise_slow_recovery,20260817,32.91918839278354,1481.1101727680618,0.15506755653085388,0.33780035282859106,0.04845861141589184,0.5903406617484106,0.13358462429046428,27.594552886768884,37.40489889159531,0.22529442036495206,True,6.98,False,completed_normally,2001,20.0,0,
traj_0113,gradual_D_two_stage,20260817,71.9578297953293,1351.5714983353198,0.00475682353054482,0.5999329274035967,0.0014865073532952563,0.00475682353054482,-0.07415285079308753,71.95782979530645,98.33620487671362,0.7869667605397512,False,,True,validity_envelope_gamma_exceeded,1269,12.68,0,
traj_0114,gradual_B_moderate_margin,20260817,57.93077448451545,953.9994420633387,0.027167249413479026,0.43042677196432433,0.008489765441712196,0.1934194317837431,0.027167249413479026,46.86635014977804,57.93077448453553,0.7885394983043428,False,,True,validity_envelope_gamma_exceeded,843,8.42,0,
traj_0115,gradual_B_moderate_margin,20260817,66.20043809248871,855.6233299927443,0.012268603347258714,0.5233432073895898,0.003833938546018348,0.012268603347258714,-0.12582588680744833,66.20043809248513,74.02316301007627,0.7861441858115823,False,,True,validity_envelope_gamma_exceeded,708,7.07,0,
traj_0116,gradual_C_high_margin,20260817,68.4330262429194,1209.152359938952,0.009132455432809834,0.5519475018617434,0.002853892322753073,0.009132455432990554,-0.1656754114433595,68.4330262429194,74.3143298498174,0.7908855389579371,False,,True,validity_envelope_gamma_exceeded,599,5.98,0,
traj_0117,gradual_E_slow_rise_slow_recovery,20260817,58.233346068519566,855.1156772991258,0.026509659968482126,0.4334397478121932,0.008284268740150666,0.026509659968616425,-0.10929938796260374,58.233346068519566,67.90316183740474,0.7867427303835814,False,,True,validity_envelope_gamma_exceeded,1003,10.02,0,
traj_0118,gradual_B_moderate_margin,20260817,62.59657867368233,706.528322586439,0.018047791730164933,0.48023651371456283,0.005639934915676541,0.018047791730164933,-0.1203127356400443,62.596578673680256,70.67896484549668,0.7875824510859644,False,,True,validity_envelope_gamma_exceeded,522,5.21,0,
traj_0119,gradual_D_two_stage,20260817,53.41148001796478,1080.5994237348016,0.03833318608646165,0.38930301234297926,0.011979120652019266,0.4124787337402592,0.03833318608634662,17.1864169062668,53.41148001796478,0.6946411433587178,True,13.5,False,completed_normally,2001,20.0,0,
traj_0120,gradual_B_moderate_margin,20260817,56.215411515168476,1331.6350473327175,0.03109494415558246,0.4139451772840196,0.009717170048619519,0.18954375582726302,0.031094944155523652,44.34719174586976,56.215411515168476,0.7869649529729653,False,,True,validity_envelope_gamma_exceeded,856,8.55,0,
traj_0121,gradual_D_two_stage,20260817,33.93896302101556,1044.6885332548334,0.14444916681264872,0.33199133509018636,0.045140364628952726,0.35207395300910993,0.07113967599715854,21.541763421881342,50.11575421890294,0.5736006165806026,True,8.39,False,completed_normally,2001,20.0,0,
traj_0122,gradual_D_two_stage,20260817,40.7646174156529,1932.4742207346849,0.0909051381460623,0.32249051447247035,0.02840785567064447,0.5388141472171202,0.05795056051264158,21.301861651888743,53.31014306602963,0.4758666321216603,True,10.15,False,completed_normally,2001,20.0,0,
traj_0123,gradual_C_high_margin,20260817,64.09869246560007,1662.0287847140287,0.015521787273867056,0.4977322992961722,0.0048505585230834555,0.20991362002214897,0.015521787273867056,54.51465081503169,64.0986924656038,0.787989118033654,False,,True,validity_envelope_gamma_exceeded,570,5.69,0,
traj_0124,gradual_E_slow_rise_slow_recovery,20260817,62.62182547604569,1071.341952761989,0.018003847279133244,0.4805248861812856,0.005626202274729139,0.018003847279133244,-0.12443579437709662,62.62182547603555,71.64299484944458,0.7869272032515804,False,,True,validity_envelope_gamma_exceeded,920,9.19,0,
traj_0125,gradual_E_slow_rise_slow_recovery,20260817,63.85624726744473,720.5867613434945,0.01591760682994812,0.494862199242109,0.004974252134358788,0.16218466443868873,0.015917606829851827,52.253603620406466,63.85624726744473,0.7869775828330011,False,,True,validity_envelope_gamma_exceeded,1023,10.22,0,
traj_0126,gradual_C_high_margin,20260817,65.44843570266117,1126.1339656433206,0.013397055780606227,0.5140305823880212,0.004186579931439446,0.21398444096811786,0.013397055780602839,56.3664479529292,65.44843570266117,0.7877285775653194,False,,True,validity_envelope_gamma_exceeded,428,4.2700000000000005,0,
traj_0127,gradual_C_high_margin,20260817,54.562577168688705,1080.4520455756278,0.03522896529810779,0.39906253001828196,0.011009051655658684,0.23978500205650422,0.03522896529810779,44.6988906124615,54.56257716869508,0.7876643834309233,False,,True,validity_envelope_gamma_exceeded,539,5.38,0,
traj_0128,gradual_A_tight_margin,20260817,47.38210099764364,996.1677737987919,0.05836173072014665,0.34720122941356457,0.018238040850045826,0.05836173072030406,-0.0757324337953229,47.38210099764364,60.360284583319014,0.7859967704499412,False,,True,validity_envelope_gamma_exceeded,925,9.24,0,
traj_0129,gradual_B_moderate_margin,20260817,33.90950773220511,1944.2614232359747,0.14474417329566797,0.3321396533277048,0.04523255415489624,0.14474417329566797,-0.05808955258538062,33.90950773220422,49.16208009148249,0.7859807644664016,False,,True,validity_envelope_gamma_exceeded,614,6.13,0,
traj_0130,gradual_E_slow_rise_slow_recovery,20260817,51.99522749399129,1807.320815009325,0.0424330004065516,0.37800936623200576,0.013260312627047377,0.20194256364757213,0.0424330004065516,37.76473410520716,51.99522749399301,0.7871674061481918,False,,True,validity_envelope_gamma_exceeded,782,7.8100000000000005,0,
traj_0131,gradual_C_high_margin,20260817,70.69068092880792,1301.7295723760164,0.006255427243036283,0.5822919235722821,0.001954821013448838,0.1718759167640891,0.006255427243036283,61.12997300643977,70.69068092881669,0.7888416958592978,False,,True,validity_envelope_gamma_exceeded,825,8.24,0,
traj_0132,gradual_C_high_margin,20260817,44.09169946198922,1908.1952514153254,0.07279505925859575,0.3316350433765798,0.022748456018311172,0.072795059258751,-0.1748158603435921,44.09169946198922,50.789490148508534,0.7885450596928407,False,,True,validity_envelope_gamma_exceeded,693,6.92,0,
traj_0133,gradual_A_tight_margin,20260817,73.77481931827367,770.1956681477961,0.00273995862901721,0.6259778278678941,0.0008562370715678782,0.00273995862901721,-0.08281810084483276,73.77481931826175,85.33062392808937,0.785608330072719,False,,True,validity_envelope_gamma_exceeded,910,9.09,0,
traj_0134,gradual_B_moderate_margin,20260817,62.072787050867156,1979.5921734422423,0.01897147505836969,0.47429813809276505,0.005928585955740528,0.01897147505836969,-0.10433182735986457,62.07278705086631,71.17530700238272,0.786783664182531,False,,True,validity_envelope_gamma_exceeded,607,6.0600000000000005,0,
traj_0135,gradual_D_two_stage,20260817,68.02106695691197,1299.0017998802232,0.009688237941077184,0.5465631299115211,0.00302757435658662,0.009688237941077184,-0.08181441709112769,68.02106695690712,90.19209793434783,0.786751317638094,False,,True,validity_envelope_gamma_exceeded,1040,10.39,0,
traj_0136,gradual_E_slow_rise_slow_recovery,20260817,61.26088828103786,554.7039801396353,0.02044969707222542,0.46526254032129105,0.006390530335070444,0.02044969707222542,-0.12902502645833147,61.26088828103643,69.45458210169423,0.7886381708337177,False,,True,validity_envelope_gamma_exceeded,725,7.24,0,
traj_0137,gradual_B_moderate_margin,20260817,44.47442588919496,1951.952910310689,0.07095659387867978,0.3331359420711641,0.022173935587087433,0.26160050960613834,0.07095659387867978,29.659569302100742,44.47442588919514,0.7860342748358922,False,,True,validity_envelope_gamma_exceeded,568,5.67,0,
traj_0138,gradual_C_high_margin,20260817,55.19549361515029,1541.9479340893415,0.03360278857479733,0.40464267768225093,0.010500871429624166,0.22141053804665223,0.033602788574778365,44.87286558542895,55.19549361515029,0.786761423436642,False,,True,validity_envelope_gamma_exceeded,584,5.83,0,
traj_0139,gradual_A_tight_margin,20260817,35.10585455846077,1674.9143798204504,0.1332823978863283,0.3269840548370988,0.0416507493394776,0.1332823978863283,-0.03880417698879568,35.10585455845368,68.10653168174849,0.7005037979042611,False,,False,completed_normally,2001,20.0,0,
traj_0140,gradual_D_two_stage,20260817,41.96260703788187,1205.309244087275,0.08391263356898468,0.32493402151296524,0.02622269799030771,0.22568311959865395,-0.001957460595912508,22.055300119150385,67.47764670195366,0.6739339894907276,False,,False,completed_normally,2001,20.0,0,
traj_0141,gradual_A_tight_margin,20260817,56.06654764321223,1315.2394142301582,0.03145261504534551,0.4125639002231225,0.009828942201670472,0.15927221614935927,0.03145261504534551,40.35630860876285,56.06654764321663,0.7867217230060939,False,,True,validity_envelope_gamma_exceeded,1171,11.700000000000001,0,
traj_0142,gradual_D_two_stage,20260817,47.288278509467474,936.0649914027798,0.05873341492486242,0.3466779301356934,0.018354192164019505,0.05873341492487555,-0.04829474922521648,47.288278509467474,93.3587005165977,0.6712783199982735,False,,False,completed_normally,2001,20.0,0,
traj_0143,gradual_C_high_margin,20260817,59.785968372470634,1417.1058541484695,0.023288598183920133,0.4493846767491558,0.007277686932475041,0.023288598183920133,-0.13970140638134654,59.785968372470634,66.96312607318872,0.7857980627127387,False,,True,validity_envelope_gamma_exceeded,591,5.9,0,
traj_0144,gradual_A_tight_margin,20260817,53.416335700611484,992.0673310683903,0.0383196768367485,0.3893431056874379,0.011974899011483906,0.1627834706408059,0.03831967683664831,37.383839293386636,53.416335700611484,0.7859787450955606,False,,True,validity_envelope_gamma_exceeded,587,5.86,0,
traj_0145,gradual_A_tight_margin,20260817,32.9982248178235,507.6703225830907,0.1542137946758706,0.3372989873643381,0.04819181083620956,0.2461989427536379,-0.0031865777449796573,19.22954003904986,57.22867127952664,0.6214047003716522,False,,False,completed_normally,2001,20.0,0,
traj_0146,gradual_E_slow_rise_slow_recovery,20260817,35.766120678613575,823.4396524979728,0.12738773297822678,0.3248592787820254,0.03980866655569587,0.514355671133844,0.10907469859830698,24.5374631500278,40.141385593636976,0.3194737056114751,True,8.59,False,completed_normally,2001,20.0,0,
traj_0147,gradual_E_slow_rise_slow_recovery,20260817,60.016922413488736,1930.6860353485977,0.022830396845578665,0.45182456965727014,0.007134499014243333,0.022830396845578665,-0.11686720583280297,60.016922413457465,69.36588007449619,0.7885612758452966,False,,True,validity_envelope_gamma_exceeded,1005,10.040000000000001,0,
traj_0148,gradual_E_slow_rise_slow_recovery,20260817,55.69526508790274,1808.2320311072365,0.03235699926038743,0.409153696157365,0.010111562268871072,0.18784257548681438,0.03235699926038743,42.425856251112506,55.69526508792643,0.7866986470933901,False,,True,validity_envelope_gamma_exceeded,1008,10.07,0,
traj_0149,gradual_D_two_stage,20260817,54.79670356726993,1802.4344569420082,0.034620965003757234,0.401109283546207,0.010819051563674135,0.12425829979326025,-0.059933906689029245,35.14620052494302,61.73179324460298,0.4817196617295093,False,,False,completed_normally,2001,20.0,0,
traj_0150,gradual_A_tight_margin,20260817,68.22718403063733,1890.615848289047,0.009408916232499252,0.5492511582311608,0.0029402863226560163,0.00940891623263596,-0.10230407793777652,68.22718403063733,77.59453356963607,0.7886180468103956,False,,True,validity_envelope_gamma_exceeded,979,9.78,0,
traj_0151,gradual_B_moderate_margin,20260817,55.41552534948447,1611.640779705504,0.03305023087054995,0.4066174282883983,0.01032819714704686,0.2082888686225277,0.03305023087044059,44.4414483504583,55.41552534948447,0.7876102757710614,False,,True,validity_envelope_gamma_exceeded,591,5.9,0,
traj_0152,gradual_A_tight_margin,20260817,34.10281598606741,1834.7888673323253,0.14282030346426197,0.33118661055550547,0.04463134483258187,0.14282030346426197,-0.030199868479537706,34.1028159860556,67.57265179209608,0.71325448135326,False,,False,completed_normally,2001,20.0,0,
traj_0153,gradual_D_two_stage,20260817,35.76139255177147,514.1599626027214,0.12742891560738748,0.32487277313106205,0.039821536127308585,0.3636113450917122,0.019069537655173052,19.146728887561647,62.024940486091864,0.7674232472971279,True,6.63,False,completed_normally,2001,20.0,0,
traj_0154,gradual_C_high_margin,20260817,40.851782951614084,1167.4311413112864,0.0903767677958337,0.3226337479650545,0.02824273993619803,0.0903767677958337,-0.12449627565436294,40.851782951604854,49.86806457890923,0.7876267942357426,False,,True,validity_envelope_gamma_exceeded,726,7.25,0,
traj_0155,gradual_D_two_stage,20260817,65.49466198607969,1731.704539913265,0.013326578566387012,0.5145982834917878,0.004164555801995941,0.013326578566387012,-0.09179819158131586,65.49466198607688,75.36282199020022,0.7855891457970567,False,,True,validity_envelope_gamma_exceeded,700,6.99,0,
traj_0156,gradual_E_slow_rise_slow_recovery,20260817,72.26505348721258,1283.3011062663784,0.004405191000723405,0.6042750553181577,0.001376622187726064,0.1483300443917286,0.004405191000723405,61.768453757870255,72.26505348723659,0.7864188329629069,False,,True,validity_envelope_gamma_exceeded,962,9.61,0,
traj_0157,gradual_A_tight_margin,20260817,44.17320428232499,963.2473601853258,0.07239970373564367,0.3319474317908276,0.022624907417388644,0.28159190678882706,0.07239970373553614,27.5024633198677,44.17320428232499,0.7861867582057867,True,6.67,True,validity_envelope_gamma_exceeded,670,6.69,0,
traj_0158,gradual_C_high_margin,20260817,43.375105602492724,963.0725779717042,0.07636324469192049,0.329060814421085,0.02386351396622515,0.07636324469192049,-0.12539430950790575,43.37510560249258,52.00928914280884,0.7872990753326119,False,,True,validity_envelope_gamma_exceeded,522,5.21,0,
traj_0159,gradual_D_two_stage,20260817,70.87384300870073,776.4794390646096,0.006033878539976611,0.58481503879362,0.0018855870437426909,0.006033878539976611,-0.08675269036013644,70.87384300867342,93.31507997890124,0.7864749984369742,False,,True,validity_envelope_gamma_exceeded,1118,11.17,0,
traj_0160,gradual_B_moderate_margin,20260817,40.72299004573395,1171.8960159567448,0.09115859422490705,0.322424078478802,0.028487060695283454,0.09115859422490705,-0.09425641218960823,40.722990045707725,51.84267076946281,0.7865467505674728,False,,True,validity_envelope_gamma_exceeded,983,9.82,0,
traj_0161,gradual_C_high_margin,20260817,63.356502909217475,1541.6235616709205,0.01674770289362718,0.4890020421964873,0.005233657154258493,0.016747702893710754,-0.14550523064937237,63.356502909217475,70.40529795193115,0.7872307539033621,False,,True,validity_envelope_gamma_exceeded,952,9.51,0,
traj_0162,gradual_D_two_stage,20260817,35.18430228395124,946.7927336667808,0.1325666216565618,0.3267058187226541,0.041427069267675566,0.49037986785457993,0.0891886113730573,20.751421429150874,47.75916688387215,0.474800720990976,True,7.96,False,completed_normally,2001,20.0,0,
traj_0163,gradual_C_high_margin,20260817,69.98249792987977,1907.079047703466,0.00712829059035499,0.5726224598995417,0.0022275908094859347,0.18860572853512425,0.00712829059035499,60.58356237917264,69.98249792988021,0.7885194132024671,False,,True,validity_envelope_gamma_exceeded,402,4.01,0,
traj_0164,gradual_A_tight_margin,20260817,74.3386986923642,1977.14323486046,0.002143645232386168,0.634237667251144,0.0006698891351206775,0.0901195063044361,0.002143645232386168,60.63701629568455,74.3386986923642,0.7868684249172119,False,,True,validity_envelope_gamma_exceeded,900,8.99,0,
traj_0165,gradual_A_tight_margin,20260817,40.149004088418,1689.7735374877984,0.09472900433499434,0.3216398320092498,0.02960281385468573,0.2279275301536981,0.05417541236793069,21.00654749003683,56.9644700052561,0.4920699560477941,False,,False,completed_normally,2001,20.0,0,
traj_0166,gradual_C_high_margin,20260817,43.45037887486312,1643.247589775598,0.07598049059364806,0.3293164680586157,0.02374390331051502,0.6504179255447591,0.0439050234934604,23.608788200327467,58.678099206438986,0.48509685352459847,True,3.68,False,completed_normally,2001,20.0,0,
traj_0167,gradual_D_two_stage,20260817,47.30866594230351,1399.7888364769433,0.05865246652653827,0.3467912666360536,0.01832889578954321,0.05865246652653827,-0.0646839691743818,47.308665942288314,75.13005524413241,0.7869801118956676,False,,True,validity_envelope_gamma_exceeded,1310,13.09,0,
traj_0168,gradual_B_moderate_margin,20260817,38.84851315083664,843.3569624052651,0.10336986541231569,0.32081514914817233,0.03230308294134865,0.47010992454216743,0.07186167755103318,19.265371031600587,48.5343085895682,0.5099368442963993,True,7.78,False,completed_normally,2001,20.0,0,
traj_0169,gradual_D_two_stage,20260817,60.31802242679509,1307.20880452954,0.022240804856204877,0.4550315583105654,0.006950251517564024,0.05759688125428594,-0.06524693534397352,57.945914659055674,83.90030859405961,0.6033565331695352,False,,False,completed_normally,2001,20.0,0,
traj_0170,gradual_B_moderate_margin,20260817,63.164141708991735,1253.0874469804874,0.0170724212305074,0.4867665302657717,0.005335131634533562,0.017072421230544206,-0.1258353491877876,63.164141708991735,71.3856359796822,0.7868052548752578,False,,True,validity_envelope_gamma_exceeded,919,9.18,0,
traj_0171,gradual_B_moderate_margin,20260817,54.86930822106031,1780.5981695888513,0.03443396914760283,0.40174817285982856,0.010760615358625884,0.0344339691476832,-0.11893108290069532,54.86930822106031,64.21580198962371,0.7886988354756223,False,,True,validity_envelope_gamma_exceeded,512,5.11,0,
traj_0172,gradual_A_tight_margin,20260817,57.08841013837262,1470.5554976781314,0.029052503669101556,0.42220441372045064,0.009078907396594236,0.14010607036975475,0.029052503669004973,39.75297499147337,57.08841013837262,0.7868028130943658,False,,True,validity_envelope_gamma_exceeded,1182,11.81,0,
traj_0173,gradual_E_slow_rise_slow_recovery,20260817,58.20834576494379,590.9403826950193,0.02656361158592014,0.43318961588264465,0.008301128620600045,0.206505364068437,0.02656361158588139,46.90209482164288,58.20834576494379,0.7870568937237081,False,,True,validity_envelope_gamma_exceeded,532,5.3100000000000005,0,
traj_0174,gradual_D_two_stage,20260817,44.07115200410835,1396.5649130198747,0.07289506038583785,0.3315569131200735,0.02277970637057433,0.20192779716005244,-0.03489554419982793,28.253781584536686,63.05162875858152,0.6439598020439209,False,,False,completed_normally,2001,20.0,0,
